zip_code,week_number,cases_cumulative,case_rate_cumulative,deaths_cumulative,death_rate_cumulative,population
60612,52,6287,18323.6,83,241.9,34311
60612,1,6890,20081,89,259.4,34311
60612,14,7670,22354.3,101,294.4,34311
60612,17,7852,22884.8,101,294.4,34311
60612,18,7938,23135.4,101,294.4,34311
60612,19,8044,23444.4,101,294.4,34311
60612,2,7203,20993.3,91,265.2,34311
60612,22,8353,24345,101,294.4,34311
60612,28,8861,25825.5,103,300.2,34311
60612,29,8968,26137.4,104,303.1,34311
60612,33,9253,26968,104,303.1,34311
60612,34,9298,27099.2,105,306,34311
60612,35,9362,27285.7,105,306,34311
60612,36,9407,27416.9,105,306,34311
60612,37,9438,27507.2,105,306,34311
60612,38,9469,27597.6,105,306,34311
60612,5,7481,21803.5,99,288.5,34311
60612,8,7554,22016.3,99,288.5,34311
60612,11,10442,30433.4,109,317.7,34311
60612,12,10468,30509.2,109,317.7,34311
60612,13,10497,30593.7,109,317.7,34311
60612,14,10515,30646.1,109,317.7,34311
60612,15,10532,30695.7,109,317.7,34311
60612,16,10544,30730.7,109,317.7,34311
60612,17,10565,30791.9,109,317.7,34311
60612,2,10140,29553.2,109,317.7,34311
60612,4,10208,29751.4,109,317.7,34311
60617,10,21595,26165,264,319.9,82534
60618,31,8883,9410.5,132,139.8,94395
60618,32,9021,9556.7,132,139.8,94395
60618,33,9130,9672.1,132,139.8,94395
60618,34,9241,9789.7,133,140.9,94395
60618,35,9359,9914.7,133,140.9,94395
60618,36,9455,10016.4,133,140.9,94395
60618,39,9726,10303.5,134,142,94395
60618,40,9790,10371.3,135,143,94395
60618,41,9848,10432.8,135,143,94395
60618,43,9991,10584.2,136,144.1,94395
60618,44,10058,10655.2,136,144.1,94395
60618,45,10173,10777.1,137,145.1,94395
60612,24,10633,30990.1,109,317.7,34311
60612,10,11255,32802.9,109,317.7,34311
60612,8,11236,32747.5,109,317.7,34311
60614,10,20227,28365.7,125,175.3,71308
60614,9,20210,28341.8,125,175.3,71308
60618,46,10330,10943.4,137,145.1,94395
60618,47,10471,11092.7,137,145.1,94395
60618,48,10697,11332.2,137,145.1,94395
60618,50,11487,12169.1,139,147.3,94395
60618,51,12585,13332.3,139,147.3,94395
60618,20,20044,21234.2,170,180.1,94395
60618,21,20364,21573.2,170,180.1,94395
60618,22,20642,21867.7,170,180.1,94395
60618,23,20880,22119.8,170,180.1,94395
60618,24,21072,22323.2,170,180.1,94395
60618,25,21285,22548.9,170,180.1,94395
60618,26,21479,22754.4,170,180.1,94395
60618,27,21637,22921.8,171,181.2,94395
60618,29,21981,23286.2,171,181.2,94395
60618,3,16924,17928.9,155,164.2,94395
60618,30,22143,23457.8,171,181.2,94395
60618,31,22314,23639,173,183.3,94395
60618,32,22451,23784.1,173,183.3,94395
60618,33,22555,23894.3,173,183.3,94395
60618,34,22654,23999.2,173,183.3,94395
60618,35,22781,24133.7,174,184.3,94395
60618,36,22873,24231.2,174,184.3,94395
60618,38,23014,24380.5,174,184.3,94395
60618,4,17198,18219.2,157,166.3,94395
60618,41,23237,24616.8,175,185.4,94395
60618,43,23380,24768.3,175,185.4,94395
60618,44,23471,24864.7,175,185.4,94395
60618,45,23564,24963.2,176,186.5,94395
60618,46,23656,25060.6,176,186.5,94395
60618,5,17375,18406.7,162,171.6,94395
60618,50,24174,25609.4,176,186.5,94395
60618,51,24316,25759.8,176,186.5,94395
60618,52,24400,25848.8,176,186.5,94395
60618,7,17560,18602.7,165,174.8,94395
60618,8,17608,18653.5,168,178,94395
60618,9,17657,18705.4,169,179,94395
60618,27,25573,27091.5,182,192.8,94395
60618,28,25586,27105.2,182,192.8,94395
60618,29,25599,27119,182,192.8,94395
60618,3,24642,26105.2,179,189.6,94395
60618,31,25636,27158.2,182,192.8,94395
60618,32,25668,27192.1,182,192.8,94395
60618,33,25721,27248.3,183,193.9,94395
60618,34,25757,27286.4,183,193.9,94395
60618,35,25791,27322.4,183,193.9,94395
60618,36,25836,27370.1,183,193.9,94395
60618,37,25870,27406.1,183,193.9,94395
60618,38,25901,27439,183,193.9,94395
60618,39,25924,27463.3,183,193.9,94395
60618,4,24716,26183.6,180,190.7,94395
60618,40,25952,27493,183,193.9,94395
60618,41,25973,27515.2,183,193.9,94395
60618,42,26003,27547,183,193.9,94395
60618,43,26034,27579.9,183,193.9,94395
60618,10,26772,28361.7,185,196,94395
60619,10,16227,26489.6,245,399.9,61258
60619,12,16247,26522.3,246,401.6,61258
60619,7,16179,26411.2,245,399.9,61258
60625,21,7135,9003.9,192,242.3,79243
60625,22,7145,9016.6,194,244.8,79243
60625,23,7158,9033,196,247.3,79243
60625,24,7165,9041.8,196,247.3,79243
60625,25,7174,9053.2,197,248.6,79243
60625,26,7196,9080.9,197,248.6,79243
60625,27,7228,9121.3,197,248.6,79243
60625,28,7260,9161.7,197,248.6,79243
60625,29,7313,9228.6,197,248.6,79243
60625,30,7383,9316.9,197,248.6,79243
60625,31,7525,9496.1,198,249.9,79243
60625,32,7636,9636.2,200,252.4,79243
60625,33,7769,9804,200,252.4,79243
60625,34,7886,9951.7,201,253.7,79243
60625,35,7979,10069,201,253.7,79243
60625,36,8064,10176.3,201,253.7,79243
60625,37,8180,10322.7,202,254.9,79243
60625,38,8271,10437.5,202,254.9,79243
60625,39,8359,10548.6,202,254.9,79243
60624,10,10287,28450.1,120,331.9,36158
60624,12,10301,28488.9,120,331.9,36158
60624,9,10282,28436.3,120,331.9,36158
60625,40,8427,10634.4,202,254.9,79243
60625,41,8503,10730.3,204,257.4,79243
60625,42,8572,10817.4,206,260,79243
60625,45,8829,11141.7,207,261.2,79243
60625,46,8951,11295.6,208,262.5,79243
60625,47,9038,11405.4,208,262.5,79243
60625,48,9227,11643.9,208,262.5,79243
60625,49,9444,11917.8,208,262.5,79243
60625,50,9828,12402.4,208,262.5,79243
60625,51,10768,13588.6,211,266.3,79243
60625,52,12156,15340.2,214,270.1,79243
60625,1,13366,16867.1,217,273.8,79243
60625,10,15248,19242.1,241,304.1,79243
60625,11,15292,19297.6,241,304.1,79243
60625,12,15353,19374.6,241,304.1,79243
60625,13,15445,19490.7,241,304.1,79243
60625,14,15554,19628.2,242,305.4,79243
60625,15,15692,19802.4,242,305.4,79243
60625,16,15838,19986.6,242,305.4,79243
60625,17,16051,20255.4,243,306.7,79243
60625,18,16307,20578.5,243,306.7,79243
60625,19,16682,21051.7,243,306.7,79243
60625,2,14096,17788.3,218,275.1,79243
60625,20,16956,21397.5,243,306.7,79243
60625,21,17204,21710.4,243,306.7,79243
60625,22,17402,21960.3,243,306.7,79243
60625,23,17603,22213.9,243,306.7,79243
60625,24,17757,22408.3,243,306.7,79243
60625,25,17910,22601.4,243,306.7,79243
60625,26,18077,22812.1,244,307.9,79243
60625,27,18259,23041.8,245,309.2,79243
60625,28,18434,23262.6,249,314.2,79243
60625,29,18595,23465.8,250,315.5,79243
60625,3,14530,18336,225,283.9,79243
60625,30,18734,23641.2,250,315.5,79243
60625,31,18931,23889.8,250,315.5,79243
60625,32,19038,24024.8,250,315.5,79243
60625,33,19154,24171.2,250,315.5,79243
60625,35,19361,24432.4,250,315.5,79243
60625,36,19463,24561.2,250,315.5,79243
60625,37,19551,24672.2,250,315.5,79243
60625,38,19631,24773.2,250,315.5,79243
60625,39,19705,24866.5,251,316.7,79243
60625,4,14775,18645.2,229,289,79243
60625,45,20173,25457.1,254,320.5,79243
60625,46,20267,25575.8,254,320.5,79243
60625,47,20355,25686.8,254,320.5,79243
60625,48,20476,25839.5,254,320.5,79243
60625,49,20617,26017.4,254,320.5,79243
60625,5,14919,18826.9,234,295.3,79243
60625,50,20747,26181.5,255,321.8,79243
60625,51,20877,26345.5,255,321.8,79243
60625,52,20971,26464.2,255,321.8,79243
60625,6,15039,18978.3,235,296.6,79243
60625,7,15116,19075.5,237,299.1,79243
60625,8,15167,19139.9,240,302.9,79243
60625,10,21819,27534.3,257,324.3,79243
60625,11,21867,27594.9,257,324.3,79243
60625,12,21933,27678.2,257,324.3,79243
60625,13,21981,27738.7,257,324.3,79243
60625,14,22005,27769,257,324.3,79243
60625,15,22048,27823.3,257,324.3,79243
60625,16,22078,27861.1,257,324.3,79243
60625,17,22101,27890.2,257,324.3,79243
60625,18,22117,27910.4,257,324.3,79243
60625,19,22129,27925.5,257,324.3,79243
60625,2,21141,26678.7,256,323.1,79243
60625,22,22182,27992.4,257,324.3,79243
60625,23,22198,28012.6,258,325.6,79243
60625,24,22209,28026.5,258,325.6,79243
60625,25,22221,28041.6,258,325.6,79243
60625,26,22228,28050.4,258,325.6,79243
60625,7,21577,27228.9,257,324.3,79243
60625,8,21659,27332.4,257,324.3,79243
60625,9,21744,27439.6,257,324.3,79243
60628,15,16448,24650.8,324,485.6,66724
60628,16,16472,24686.8,324,485.6,66724
60628,17,16504,24734.7,324,485.6,66724
60628,2,15809,23693.1,317,475.1,66724
60628,18,16532,24776.7,324,485.6,66724
60625,9,23563,29735.1,263,331.9,79243
60628,30,16644,24944.5,325,487.1,66724
60631,12,10614,35944.3,147,497.8,29529
60633,12,3368,26167.4,30,233.1,12871
60629,14,34800,31113.1,358,320.1,111850
60629,15,34835,31144.4,358,320.1,111850
60629,17,34903,31205.2,358,320.1,111850
60629,18,34926,31225.7,358,320.1,111850
60629,19,34956,31252.6,358,320.1,111850
60629,2,33811,30228.9,354,316.5,111850
60629,20,34971,31266,358,320.1,111850
60629,21,34982,31275.8,358,320.1,111850
60629,22,34994,31286.5,358,320.1,111850
60641,46,22478,31648.9,206,290,71023
60649,12,11705,25432.4,230,499.7,46024
60655,12,9028,31342.9,55,190.9,28804
60653,10,9549,29866.8,104,325.3,31972
60653,9,9543,29848,104,325.3,31972
Unknown,40,1095,0,10,0,0
Unknown,41,1104,0,10,0,0
Unknown,42,1111,0,10,0,0
Unknown,43,1127,0,10,0,0
Unknown,44,1151,0,10,0,0
Unknown,45,1175,0,10,0,0
Unknown,46,1211,0,10,0,0
Unknown,47,1233,0,10,0,0
Unknown,49,1364,0,10,0,0
Unknown,50,1581,0,10,0,0
Unknown,52,2771,0,10,0,0
Unknown,10,3930,0,12,0,0
Unknown,11,3941,0,12,0,0
Unknown,12,3946,0,12,0,0
Unknown,35,4350,0,12,0,0
Unknown,36,4358,0,12,0,0
Unknown,37,4362,0,12,0,0
60660,10,11860,27427,110,254.4,43242
60660,11,11875,27461.7,110,254.4,43242
60660,12,11880,27473.3,110,254.4,43242
60660,8,11834,27366.9,110,254.4,43242
Unknown,42,4379,0,12,0,0
Unknown,24,4537,0,13,0,0
Unknown,25,4538,0,13,0,0
Unknown,26,4538,0,13,0,0
Unknown,27,4539,0,13,0,0
Unknown,28,4539,0,13,0,0
Unknown,13,4654,0,13,0,0
60656,13,9162,33220.9,86,311.8,27579
60827,13,1320,4619.1,19,66.5,28577
60661,13,3197,32208.3,2,20.1,9926
60603,13,457,38926.7,0,0,1174
60616,13,13142,24129.7,148,271.7,54464
60607,13,9679,32709.3,20,67.6,29591
60633,13,3369,26175.1,30,233.1,12871
60611,13,9921,30595.8,31,95.6,32426
60601,13,5819,39652.5,15,102.2,14675
60606,13,1310,42244.4,11,354.7,3101
60610,13,12094,30995.2,65,166.6,39019
60641,13,23128,32564.1,207,291.5,71023
60628,13,17595,26369.8,328,491.6,66724
60649,13,11712,25447.6,230,499.7,46024
60654,13,6270,32767.2,9,47,19135
60620,13,17856,26221.8,307,450.8,68096
60637,13,13841,29167.2,109,229.7,47454
60644,13,13696,28705.6,222,465.3,47712
60614,13,20247,28393.7,126,176.7,71308
60615,13,10646,25614.1,81,194.9,41563
60618,13,26808,28399.8,185,196,94395
60624,13,10304,28497.2,120,331.9,36158
60632,13,27744,30474.9,270,296.6,91039
60636,13,9597,29801.6,168,521.7,32203
60602,13,508,40836,3,241.2,1244
60605,13,8029,29176.2,16,58.1,27519
60666,13,23,0,0,0,0
60655,13,9028,31342.9,55,190.9,28804
60604,13,504,64450.1,0,0,782
60642,13,5861,29013.4,31,153.5,20201
60631,13,10620,35964.6,147,497.8,29529
60608,13,21773,27489.4,206,260.1,79205
60613,13,14235,28405.8,72,143.7,50113
60630,13,17897,31209.9,207,361,57344
60645,13,15396,32255.1,161,337.3,47732
60653,13,9566,29919.9,104,325.3,31972
60626,13,14692,29543.5,218,438.4,49730
60652,13,13950,31771.7,147,334.8,43907
60619,13,16253,26532,246,401.6,61258
60625,13,23630,29819.7,264,333.2,79243
60647,13,25159,28750.2,200,228.5,87509
60657,13,20214,28855.7,68,97.1,70052
60660,13,11885,27484.9,111,256.7,43242
60609,12,17226,28012,231,375.6,61495
60609,9,17114,27829.9,230,374,61495
60617,13,21639,26218.3,264,319.9,82534
60620,51,9060,13304.7,221,324.5,68096
60609,13,18234,29651.2,234,380.5,61495
60612,13,11270,32846.6,110,320.6,34311
60620,52,10275,15089,227,333.4,68096
60620,1,11107,16310.8,237,348,68096
60620,10,12006,17631,279,409.7,68096
60620,11,12019,17650.1,279,409.7,68096
60620,14,12074,17730.9,279,409.7,68096
60620,15,12101,17770.5,279,409.7,68096
60620,16,12152,17845.4,279,409.7,68096
60620,17,12209,17929.1,279,409.7,68096
60620,27,13405,19685.4,280,411.2,68096
60620,28,13540,19883.7,281,412.7,68096
60620,3,11697,17177.2,260,381.8,68096
60620,30,13839,20322.8,282,414.1,68096
60620,31,13986,20538.7,282,414.1,68096
60620,32,14088,20688.4,282,414.1,68096
60620,34,14276,20964.5,283,415.6,68096
60620,12,17838,26195.4,306,449.4,68096
60620,21,16762,24615.2,298,437.6,68096
60620,22,16767,24622.6,298,437.6,68096
60620,24,16778,24638.7,298,437.6,68096
60621,12,7941,27343.2,157,540.6,29042
60621,13,7947,27363.8,157,540.6,29042
60629,10,36481,32616,364,325.4,111850
60629,11,36500,32633,364,325.4,111850
60629,13,36518,32649.1,365,326.3,111850
60629,9,36464,32600.8,364,325.4,111850
60633,49,1700,13208,21,163.2,12871
60633,50,1782,13845.1,22,170.9,12871
60633,51,1913,14862.9,22,170.9,12871
60633,52,2151,16712,22,170.9,12871
60633,1,2308,17931.8,23,178.7,12871
60633,10,2497,19400.2,27,209.8,12871
60633,11,2499,19415.7,27,209.8,12871
60633,12,2504,19454.6,27,209.8,12871
60633,13,2505,19462.4,27,209.8,12871
60633,14,2510,19501.2,27,209.8,12871
60633,15,2520,19578.9,27,209.8,12871
60633,16,2527,19633.3,27,209.8,12871
60633,17,2548,19796.4,27,209.8,12871
60633,18,2571,19975.1,27,209.8,12871
60633,19,2597,20177.1,27,209.8,12871
60633,2,2386,18537.8,25,194.2,12871
60633,20,2618,20340.3,27,209.8,12871
60633,3,2428,18864.1,26,202,12871
60633,36,2973,23098.4,27,209.8,12871
60633,37,2997,23284.9,27,209.8,12871
60633,38,3005,23347.1,27,209.8,12871
60633,39,3009,23378.1,27,209.8,12871
60628,12,17585,26354.8,327,490.1,66724
60633,4,2453,19058.3,26,202,12871
60633,40,3016,23432.5,27,209.8,12871
60633,41,3024,23494.7,27,209.8,12871
60633,42,3032,23556.8,27,209.8,12871
60633,43,3039,23611.2,27,209.8,12871
60633,44,3045,23657.8,27,209.8,12871
60633,45,3051,23704.5,27,209.8,12871
60633,46,3062,23789.9,28,217.5,12871
60633,47,3067,23828.8,28,217.5,12871
60633,48,3081,23937.5,28,217.5,12871
60633,49,3087,23984.2,28,217.5,12871
60633,5,2471,19198.2,26,202,12871
60633,50,3103,24108.5,28,217.5,12871
60633,51,3116,24209.5,28,217.5,12871
60633,52,3129,24310.5,28,217.5,12871
60633,6,2479,19260.4,26,202,12871
60633,7,2488,19330.3,27,209.8,12871
60633,8,2496,19392.4,27,209.8,12871
60633,9,2497,19400.2,27,209.8,12871
60633,10,3198,24846.6,29,225.3,12871
60633,11,3210,24939.8,29,225.3,12871
60633,13,3221,25025.3,29,225.3,12871
60633,14,3222,25033,29,225.3,12871
60633,15,3227,25071.9,30,233.1,12871
60633,16,3230,25095.2,30,233.1,12871
60633,17,3232,25110.7,30,233.1,12871
60633,18,3232,25110.7,30,233.1,12871
60633,19,3233,25118.5,30,233.1,12871
60633,2,3144,24427,28,217.5,12871
60633,20,3235,25134,30,233.1,12871
60633,21,3235,25134,30,233.1,12871
60633,22,3235,25134,30,233.1,12871
60633,24,3236,25141.8,30,233.1,12871
60633,25,3236,25141.8,30,233.1,12871
60633,26,3238,25157.3,30,233.1,12871
60633,27,3238,25157.3,30,233.1,12871
60633,28,3238,25157.3,30,233.1,12871
60633,29,3238,25157.3,30,233.1,12871
60633,3,3148,24458.1,28,217.5,12871
60633,30,3239,25165.1,30,233.1,12871
60633,31,3240,25172.9,30,233.1,12871
60633,32,3241,25180.6,30,233.1,12871
60633,33,3242,25188.4,30,233.1,12871
60633,34,3247,25227.3,30,233.1,12871
60633,35,3251,25258.3,30,233.1,12871
60633,36,3253,25273.9,30,233.1,12871
60633,37,3254,25281.6,30,233.1,12871
60633,39,3257,25304.9,30,233.1,12871
60633,4,3151,24481.4,28,217.5,12871
60633,40,3257,25304.9,30,233.1,12871
60633,41,3258,25312.7,30,233.1,12871
60633,42,3262,25343.8,30,233.1,12871
60633,43,3267,25382.6,30,233.1,12871
60633,44,3271,25413.7,30,233.1,12871
60633,45,3274,25437,30,233.1,12871
60633,46,3277,25460.3,30,233.1,12871
60633,47,3285,25522.5,30,233.1,12871
60633,48,3290,25561.3,30,233.1,12871
60633,5,3159,24543.5,28,217.5,12871
60633,52,3331,25879.9,30,233.1,12871
60633,6,3167,24605.7,28,217.5,12871
60633,7,3180,24706.7,28,217.5,12871
60633,8,3188,24768.9,28,217.5,12871
60633,9,3192,24799.9,29,225.3,12871
60634,13,26966,35483.9,265,348.7,75995
60638,11,19710,33522.1,209,355.5,58797
60638,12,19718,33535.7,209,355.5,58797
60638,13,19734,33562.9,210,357.2,58797
60639,13,31137,34399.1,320,353.5,90517
60641,25,18372,25867.7,191,268.9,71023
60641,26,18530,26090.1,191,268.9,71023
60641,27,18679,26299.9,191,268.9,71023
60641,28,18813,26488.6,192,270.3,71023
60641,29,18930,26653.3,193,271.7,71023
60641,30,19056,26830.7,193,271.7,71023
60641,31,19228,27072.9,193,271.7,71023
60641,32,19357,27254.6,193,271.7,71023
60641,33,19469,27412.2,194,273.2,71023
60641,34,19575,27561.5,194,273.2,71023
60641,35,19660,27681.2,194,273.2,71023
60641,36,19741,27795.2,194,273.2,71023
60641,37,19819,27905,194,273.2,71023
60641,38,19855,27955.7,194,273.2,71023
60638,41,19059,32414.9,200,340.2,58797
60637,12,13834,29152.4,109,229.7,47454
60666,15,,,0,0,0
60666,12,,,0,0,0
60666,18,,,0,0,0
60666,2,,,0,0,0
60666,14,,,0,0,0
60666,13,,,0,0,0
60666,19,,,0,0,0
60666,17,,,0,0,0
60666,16,,,0,0,0
60641,39,19899,28017.7,195,274.6,71023
60641,40,19953,28093.7,196,276,71023
60641,41,20001,28161.3,197,277.4,71023
60641,42,20063,28248.6,197,277.4,71023
60641,43,20131,28344.3,197,277.4,71023
60641,44,20215,28462.6,198,278.8,71023
60641,45,20302,28585.1,198,278.8,71023
60641,46,20377,28690.7,199,280.2,71023
60641,47,20456,28801.9,199,280.2,71023
60641,48,20556,28942.7,199,280.2,71023
60641,49,20691,29132.8,199,280.2,71023
60641,50,20813,29304.6,199,280.2,71023
60641,51,20903,29431.3,201,283,71023
60641,52,20977,29535.5,201,283,71023
60641,10,21603,30416.9,202,284.4,71023
60641,11,21659,30495.8,202,284.4,71023
60641,12,21699,30552.1,202,284.4,71023
60641,13,21742,30612.6,202,284.4,71023
60641,14,21772,30654.9,202,284.4,71023
60641,15,21798,30691.5,202,284.4,71023
60641,16,21820,30722.4,202,284.4,71023
60641,17,21842,30753.4,202,284.4,71023
60641,18,21868,30790,202,284.4,71023
60641,19,21891,30822.4,202,284.4,71023
60641,2,21125,29743.9,202,284.4,71023
60641,20,21906,30843.5,202,284.4,71023
60641,21,21913,30853.4,202,284.4,71023
60641,22,21924,30868.9,202,284.4,71023
60641,23,21937,30887.2,203,285.8,71023
60641,24,21949,30904.1,203,285.8,71023
60641,25,21963,30923.8,203,285.8,71023
60641,26,21976,30942.1,204,287.2,71023
60641,27,21987,30957.6,204,287.2,71023
60641,28,21996,30970.2,204,287.2,71023
60641,29,22009,30988.6,204,287.2,71023
60641,3,21187,29831.2,202,284.4,71023
60641,30,22020,31004,204,287.2,71023
60641,31,22035,31025.2,204,287.2,71023
60641,32,22056,31054.7,204,287.2,71023
60641,33,22082,31091.3,204,287.2,71023
60641,34,22124,31150.5,205,288.6,71023
60641,35,22154,31192.7,205,288.6,71023
60641,36,22191,31244.8,205,288.6,71023
60641,37,22222,31288.5,205,288.6,71023
60641,38,22263,31346.2,205,288.6,71023
60641,39,22291,31385.6,206,290,71023
60641,4,21247,29915.7,202,284.4,71023
60641,40,22314,31418,206,290,71023
60641,41,22329,31439.1,206,290,71023
60641,42,22357,31478.5,206,290,71023
60641,43,22386,31519.4,206,290,71023
60641,44,22406,31547.5,206,290,71023
60641,45,22443,31599.6,206,290,71023
60641,47,22524,31713.7,206,290,71023
60641,49,22611,31836.2,206,290,71023
60641,5,21298,29987.5,202,284.4,71023
60641,6,21350,30060.7,202,284.4,71023
60641,7,21410,30145.2,202,284.4,71023
60641,8,21468,30226.8,202,284.4,71023
60641,9,21550,30342.3,202,284.4,71023
60643,11,14576,29228,220,441.1,49870
60643,12,14589,29254.1,220,441.1,49870
60643,13,14600,29276.1,220,441.1,49870
60643,52,14351,28776.8,220,441.1,49870
60601,10,,,0,0,14675
60601,11,,,0,0,14675
60601,12,14,95.4,0,0,14675
60601,13,23,156.7,0,0,14675
60601,14,28,190.8,0,0,14675
60601,15,35,238.5,0,0,14675
60601,52,5412,36879,14,95.4,14675
60601,6,4053,27618.4,13,88.6,14675
60601,7,4071,27741.1,13,88.6,14675
60601,8,4086,27843.3,13,88.6,14675
60653,52,5283,16523.8,85,265.9,31972
60653,1,5761,18018.9,89,278.4,31972
60653,10,6239,19513.9,99,309.6,31972
60653,11,6247,19539,99,309.6,31972
60653,12,6255,19564,99,309.6,31972
60653,13,6268,19604.7,99,309.6,31972
60653,14,6297,19695.4,99,309.6,31972
60653,15,6328,19792.3,99,309.6,31972
60651,13,19216,30396.4,191,302.1,63218
60666,20,,,0,0,0
60666,3,,,0,0,0
60666,24,,,0,0,0
60666,28,,,0,0,0
60666,29,,,0,0,0
60666,33,,,0,0,0
60666,32,,,0,0,0
60666,25,,,0,0,0
60666,31,,,0,0,0
60666,26,,,0,0,0
60666,35,,,0,0,0
60666,21,,,0,0,0
60666,30,,,0,0,0
60666,23,,,0,0,0
60666,34,,,0,0,0
60666,27,,,0,0,0
60666,22,,,0,0,0
60653,43,9197,28765.8,103,322.2,31972
60653,44,9205,28790.8,103,322.2,31972
60653,45,9224,28850.2,103,322.2,31972
60653,46,9240,28900.3,103,322.2,31972
60653,47,9255,28947.2,103,322.2,31972
60653,48,9291,29059.8,103,322.2,31972
60653,49,9322,29156.8,103,322.2,31972
60653,50,9361,29278.7,103,322.2,31972
60659,12,12870,31338.3,138,336,41068
60659,13,12882,31367.5,138,336,41068
60707,7,6225,14470.4,68,158.1,43019
60707,8,6231,14484.3,68,158.1,43019
60659,42,12359,30094,132,321.4,41068
60659,43,12374,30130.5,133,323.9,41068
60659,44,12389,30167,133,323.9,41068
60659,46,12439,30288.8,134,326.3,41068
60659,47,12466,30354.5,134,326.3,41068
60659,48,12501,30439.8,135,328.7,41068
60659,49,12530,30510.4,135,328.7,41068
60659,5,11657,28384.6,131,319,41068
60659,50,12576,30622.4,135,328.7,41068
60659,6,11709,28511.2,131,319,41068
60659,7,11744,28596.5,131,319,41068
60659,8,11790,28708.5,131,319,41068
60659,9,11837,28822.9,131,319,41068
60707,13,6245,14516.8,68,158.1,43019
Unknown,9,679,0,7,0,0
60617,14,21647,26228,264,319.9,82534
60602,14,508,40836,3,241.2,1244
60666,14,23,0,0,0,0
60642,14,5862,29018.4,31,153.5,20201
60607,14,9681,32716,20,67.6,29591
60608,14,21783,27502.1,206,260.1,79205
60601,14,5821,39666.1,15,102.2,14675
60606,14,1310,42244.4,11,354.7,3101
60613,14,14240,28415.8,72,143.7,50113
60630,14,17902,31218.6,207,361,57344
60641,14,23135,32574,208,292.9,71023
60645,14,15400,32263.5,161,337.3,47732
60646,14,9559,34155.1,107,382.3,27987
60653,14,9571,29935.6,104,325.3,31972
60640,14,18982,27228,209,299.8,69715
60612,14,11274,32858.3,110,320.6,34311
60621,14,7950,27374.1,157,540.6,29042
60625,14,23638,29829.8,264,333.2,79243
60636,14,9602,29817.1,168,521.7,32203
60657,14,20219,28862.8,68,97.1,70052
60656,14,9167,33239.1,86,311.8,27579
60605,14,8035,29198,16,58.1,27519
60639,14,31143,34405.7,320,353.5,90517
60827,14,1320,4619.1,19,66.5,28577
60655,14,9029,31346.3,55,190.9,28804
60661,14,3197,32208.3,2,20.1,9926
60638,14,19738,33569.7,210,357.2,58797
60604,14,504,64450.1,0,0,782
60629,14,36531,32660.7,365,326.3,111850
60611,14,9925,30608.2,31,95.6,32426
60610,14,12101,31013.1,65,166.6,39019
60616,14,13145,24135.2,148,271.7,54464
60707,14,6250,14528.5,68,158.1,43019
60626,14,14703,29565.7,218,438.4,49730
60654,14,6271,32772.4,9,47,19135
60637,14,13847,29179.8,110,231.8,47454
60652,14,13958,31789.9,147,334.8,43907
60614,14,20252,28400.7,126,176.7,71308
60618,14,26814,28406.2,185,196,94395
60647,14,25172,28765,200,228.5,87509
60651,14,19219,30401.2,191,302.1,63218
60660,14,11895,27508,111,256.7,43242
60659,14,12893,31394.3,138,336,41068
60603,14,457,38926.7,0,0,1174
60622,14,15830,29985,107,202.7,52793
60628,14,17604,26383.3,328,491.6,66724
60666,4,,,0,0,0
60666,5,,,0,0,0
60666,36,,,0,0,0
60666,50,6,0,0,0,0
60666,47,5,0,0,0,0
60666,7,,,0,0,0
60666,6,,,0,0,0
60666,46,5,0,0,0,0
60666,40,,,0,0,0
60666,37,,,0,0,0
60666,41,,,0,0,0
60666,52,7,0,0,0,0
60666,45,5,0,0,0,0
60666,38,,,0,0,0
60666,42,,,0,0,0
60666,44,5,0,0,0,0
60666,49,6,0,0,0,0
60666,51,7,0,0,0,0
60666,16,9,0,0,0,0
60666,12,9,0,0,0,0
60666,13,9,0,0,0,0
60666,1,8,0,0,0,0
60666,14,9,0,0,0,0
60666,9,,,0,0,0
60666,10,9,0,0,0,0
60666,15,9,0,0,0,0
60666,11,9,0,0,0,0
60622,26,701,1327.8,55,104.2,52793
60622,27,736,1394.1,55,104.2,52793
60622,28,771,1460.4,56,106.1,52793
60622,29,809,1532.4,56,106.1,52793
60622,30,849,1608.2,56,106.1,52793
60622,31,877,1661.2,56,106.1,52793
60622,33,952,1803.3,56,106.1,52793
60622,35,1039,1968.1,56,106.1,52793
60622,36,1068,2023,56,106.1,52793
60622,37,1114,2110.1,56,106.1,52793
60622,38,1154,2185.9,56,106.1,52793
60622,40,1262,2390.5,56,106.1,52793
60622,42,1451,2748.5,56,106.1,52793
60622,43,1617,3062.9,56,106.1,52793
60622,44,1813,3434.2,56,106.1,52793
60622,45,2154,4080.1,57,108,52793
60622,46,2464,4667.3,58,109.9,52793
60622,47,2694,5102.9,59,111.8,52793
60622,48,2868,5432.5,61,115.5,52793
60622,49,3099,5870.1,64,121.2,52793
60622,51,3444,6523.6,66,125,52793
60622,52,3571,6764.2,66,125,52793
60622,53,3762,7125.9,66,125,52793
60622,10,4586,8686.8,75,142.1,52793
60620,14,17865,26235,307,450.8,68096
60609,14,18244,29667.5,234,380.5,61495
60615,12,10643,25606.9,81,194.9,41563
60615,14,10653,25631,81,194.9,41563
60622,12,4782,9058,75,142.1,52793
60622,14,5008,9486.1,75,142.1,52793
60622,15,5089,9639.5,76,144,52793
60622,16,5148,9751.3,76,144,52793
60622,17,5202,9853.6,77,145.9,52793
60622,19,5262,9967.2,78,147.7,52793
60622,2,4106,7777.5,69,130.7,52793
60622,20,5279,9999.4,79,149.6,52793
60622,21,5286,10012.7,79,149.6,52793
60622,22,5289,10018.4,79,149.6,52793
60622,23,5300,10039.2,79,149.6,52793
60622,25,5301,10041.1,80,151.5,52793
60622,26,5309,10056.3,80,151.5,52793
60622,27,5322,10080.9,80,151.5,52793
60622,28,5337,10109.3,80,151.5,52793
60622,29,5380,10190.7,80,151.5,52793
60622,3,4194,7944.2,69,130.7,52793
60622,30,5428,10281.7,80,151.5,52793
60622,31,5494,10406.7,80,151.5,52793
60622,32,5582,10573.4,80,151.5,52793
60622,33,5673,10745.7,80,151.5,52793
60622,34,5763,10916.2,80,151.5,52793
60622,35,5837,11056.4,80,151.5,52793
60622,36,5910,11194.7,80,151.5,52793
60622,38,6013,11389.8,82,155.3,52793
60622,4,4278,8103.3,71,134.5,52793
60622,40,6117,11586.8,82,155.3,52793
60622,41,6184,11713.7,82,155.3,52793
60622,44,6360,12047.1,83,157.2,52793
60622,45,6468,12251.6,83,157.2,52793
60622,46,6580,12463.8,83,157.2,52793
60622,49,6989,13238.5,84,159.1,52793
60622,50,7505,14215.9,85,161,52793
60622,51,8389,15890.4,85,161,52793
60622,52,9227,17477.7,86,162.9,52793
60622,6,4394,8323.1,72,136.4,52793
60622,7,4431,8393.2,73,138.3,52793
60622,1,9986,18915.4,88,166.7,52793
60622,11,11120,21063.4,101,191.3,52793
60622,12,11192,21199.8,101,191.3,52793
60622,16,11658,22082.5,101,191.3,52793
60622,25,13142,24893.5,101,191.3,52793
60622,27,13336,25260.9,101,191.3,52793
60622,28,13442,25461.7,101,191.3,52793
60622,29,13561,25687.1,101,191.3,52793
60622,3,10638,20150.4,96,181.8,52793
60622,30,13650,25855.7,101,191.3,52793
60622,31,13730,26007.2,101,191.3,52793
60622,32,13797,26134.1,101,191.3,52793
60622,33,13850,26234.5,101,191.3,52793
60622,34,13909,26346.3,101,191.3,52793
60602,27,15,1205.8,0,0,1244
60602,38,22,1768.5,0,0,1244
60602,31,19,1527.3,0,0,1244
60602,30,19,1527.3,0,0,1244
60602,34,20,1607.7,0,0,1244
60602,35,21,1688.1,0,0,1244
60602,29,17,1366.6,0,0,1244
60602,33,20,1607.7,0,0,1244
60602,36,21,1688.1,0,0,1244
60602,28,17,1366.6,0,0,1244
60602,37,21,1688.1,0,0,1244
60602,32,19,1527.3,0,0,1244
60622,37,14040,26594.4,101,191.3,52793
60622,38,14085,26679.7,101,191.3,52793
60622,4,10805,20466.7,98,185.6,52793
60622,41,14178,26855.8,101,191.3,52793
60622,42,14207,26910.8,101,191.3,52793
60622,43,14253,26997.9,101,191.3,52793
60622,44,14290,27068,101,191.3,52793
60622,46,14377,27232.8,101,191.3,52793
60622,47,14410,27295.3,101,191.3,52793
60622,49,14533,27528.3,101,191.3,52793
60622,5,10908,20661.8,98,185.6,52793
60622,50,14600,27655.2,101,191.3,52793
60622,51,14648,27746.1,101,191.3,52793
60622,52,14693,27831.3,101,191.3,52793
60622,6,10970,20779.3,99,187.5,52793
60622,7,11014,20862.6,99,187.5,52793
60622,9,11064,20957.3,100,189.4,52793
60622,10,15021,28452.6,103,195.1,52793
60622,11,15045,28498.1,103,195.1,52793
60622,12,15069,28543.6,103,195.1,52793
60622,13,15097,28596.6,103,195.1,52793
60622,14,15120,28640.2,103,195.1,52793
60622,15,15147,28691.3,103,195.1,52793
60622,2,14758,27954.5,101,191.3,52793
60666,20,9,0,0,0,0
60666,2,8,0,0,0,0
60666,17,9,0,0,0,0
60666,19,9,0,0,0,0
60666,18,9,0,0,0,0
60666,21,10,0,0,0,0
60622,5,14874,28174.2,103,195.1,52793
60622,6,14907,28236.7,103,195.1,52793
60622,7,14946,28310.6,103,195.1,52793
60622,8,14973,28361.7,103,195.1,52793
60622,9,15005,28422.3,103,195.1,52793
60623,46,25649,29831.7,337,392,85979
60623,47,25682,29870.1,338,393.1,85979
60623,49,25809,30017.8,338,393.1,85979
60623,50,25866,30084.1,338,393.1,85979
60623,51,25936,30165.5,338,393.1,85979
60623,12,26374,30674.9,342,397.8,85979
60623,13,26386,30688.9,342,397.8,85979
60623,3,26120,30379.5,341,396.6,85979
60623,9,26320,30612.1,342,397.8,85979
60631,14,10628,35991.7,147,497.8,29529
60633,14,3371,26190.7,30,233.1,12871
60634,27,25645,33745.6,257,338.2,75995
60623,14,26404,30709.8,342,397.8,85979
60602,44,35,2813.5,0,0,1244
60602,12,98,7877.8,2,160.8,1244
60602,14,100,8038.6,2,160.8,1244
60602,18,105,8440.5,2,160.8,1244
60602,21,106,8520.9,2,160.8,1244
60634,14,26976,35497.1,265,348.7,75995
60641,4,22959,32326.1,207,291.5,71023
60646,46,1162,4151.9,46,164.4,27987
60646,47,1317,4705.8,48,171.5,27987
60646,48,1428,5102.4,49,175.1,27987
60646,49,1558,5566.9,53,189.4,27987
60646,50,1657,5920.6,53,189.4,27987
60646,51,1730,6181.4,54,192.9,27987
60646,52,1812,6474.4,56,200.1,27987
60646,53,1918,6853.2,56,200.1,27987
60646,1,2038,7282,58,207.2,27987
60646,10,2433,8693.3,69,246.5,27987
60646,11,2471,8829.1,69,246.5,27987
60646,12,2517,8993.5,69,246.5,27987
60646,13,2588,9247.2,69,246.5,27987
60646,14,2640,9433,69,246.5,27987
60646,15,2685,9593.7,71,253.7,27987
60646,16,2714,9697.4,72,257.3,27987
60643,14,14608,29292.2,220,441.1,49870
60641,10,23103,32528.9,207,291.5,71023
60641,12,23120,32552.8,207,291.5,71023
60634,46,26244,34533.9,258,339.5,75995
60634,47,26291,34595.7,258,339.5,75995
60634,48,26356,34681.2,258,339.5,75995
60634,51,26554,34941.8,260,342.1,75995
60634,52,26617,35024.7,261,343.4,75995
60646,17,2741,9793.8,72,257.3,27987
60646,18,2761,9865.3,72,257.3,27987
60646,19,2783,9943.9,73,260.8,27987
60646,2,2115,7557.1,59,210.8,27987
60646,20,2793,9979.6,73,260.8,27987
60646,21,2802,10011.8,73,260.8,27987
60646,22,2810,10040.4,74,264.4,27987
60646,23,2816,10061.8,74,264.4,27987
60646,24,2817,10065.4,74,264.4,27987
60646,25,2818,10069,74,264.4,27987
60646,26,2820,10076.1,74,264.4,27987
60646,27,2822,10083.3,74,264.4,27987
60646,28,2827,10101.1,74,264.4,27987
60646,29,2851,10186.9,74,264.4,27987
60646,3,2185,7807.2,60,214.4,27987
60646,30,2872,10261.9,74,264.4,27987
60646,31,2907,10387,74,264.4,27987
60646,32,2951,10544.2,74,264.4,27987
60646,33,2991,10687.1,76,271.6,27987
60646,34,3032,10833.6,76,271.6,27987
60646,35,3073,10980.1,76,271.6,27987
60646,36,3114,11126.6,76,271.6,27987
60646,37,3140,11219.5,77,275.1,27987
60646,38,3162,11298.1,77,275.1,27987
60646,39,3189,11394.6,79,282.3,27987
60646,4,2235,7985.9,61,218,27987
60646,40,3212,11476.8,79,282.3,27987
60646,41,3233,11551.8,79,282.3,27987
60646,42,3254,11626.8,79,282.3,27987
60646,47,3532,12620.1,81,289.4,27987
60646,48,3622,12941.7,82,293,27987
60646,49,3713,13266.9,82,293,27987
60646,5,2289,8178.8,64,228.7,27987
60646,50,3914,13985.1,83,296.6,27987
60646,51,4227,15103.4,84,300.1,27987
60646,52,4691,16761.4,85,303.7,27987
60646,6,2335,8343.2,66,235.8,27987
60646,7,2366,8453.9,67,239.4,27987
60646,8,2389,8536.1,68,243,27987
60646,9,2411,8614.7,69,246.5,27987
60646,1,5213,18626.5,89,318,27987
60646,10,5946,21245.6,96,343,27987
60646,11,5965,21313.5,96,343,27987
60646,12,6003,21449.2,96,343,27987
60646,13,6037,21570.7,96,343,27987
60646,14,6075,21706.5,96,343,27987
60646,15,6133,21913.7,96,343,27987
60646,16,6219,22221,96,343,27987
60646,17,6325,22599.8,96,343,27987
60646,18,6441,23014.3,96,343,27987
60646,19,6584,23525.2,96,343,27987
60646,2,5477,19569.8,91,325.2,27987
60646,20,6705,23957.6,96,343,27987
60646,21,6812,24339.9,96,343,27987
60646,22,6905,24672.2,96,343,27987
60646,23,6987,24965.2,96,343,27987
60646,24,7049,25186.7,96,343,27987
60646,25,7104,25383.2,96,343,27987
60646,26,7176,25640.5,96,343,27987
60646,27,7251,25908.5,96,343,27987
60646,28,7327,26180,96,343,27987
60646,29,7377,26358.7,96,343,27987
60646,3,5658,20216.5,93,332.3,27987
60646,30,7458,26648.1,96,343,27987
60646,31,7525,26887.5,96,343,27987
60646,32,7591,27123.3,96,343,27987
60646,33,7632,27269.8,96,343,27987
60646,34,7672,27412.7,96,343,27987
60646,35,7719,27580.7,96,343,27987
60646,36,7760,27727.2,96,343,27987
60646,37,7795,27852.2,96,343,27987
60646,38,7829,27973.7,96,343,27987
60646,39,7865,28102.3,96,343,27987
60646,4,5758,20573.8,93,332.3,27987
60646,40,7897,28216.7,96,343,27987
60646,41,7940,28370.3,96,343,27987
60646,42,7973,28488.2,96,343,27987
60646,43,8011,28624,96,343,27987
60646,44,8042,28734.8,96,343,27987
60646,45,8080,28870.5,96,343,27987
60646,46,8109,28974.2,96,343,27987
60646,47,8148,29113.5,96,343,27987
60646,48,8232,29413.7,96,343,27987
60646,49,8294,29635.2,97,346.6,27987
60646,5,5826,20816.8,94,335.9,27987
60646,50,8362,29878.2,97,346.6,27987
60646,51,8440,30156.9,97,346.6,27987
60646,52,8500,30371.2,97,346.6,27987
60646,6,5866,20959.7,94,335.9,27987
60646,7,5892,21052.6,95,339.4,27987
60646,8,5912,21124.1,95,339.4,27987
60646,9,5929,21184.8,96,343,27987
60646,10,8770,31336,99,353.7,27987
60646,11,8794,31421.7,99,353.7,27987
60646,12,8813,31489.6,99,353.7,27987
60646,13,8836,31571.8,100,357.3,27987
60646,14,8846,31607.5,100,357.3,27987
60646,15,8858,31650.4,100,357.3,27987
60646,16,8863,31668.3,100,357.3,27987
60646,17,8883,31739.7,100,357.3,27987
60646,18,8892,31771.9,100,357.3,27987
60646,19,8900,31800.5,100,357.3,27987
60646,2,8580,30657.1,98,350.2,27987
60646,20,8905,31818.3,100,357.3,27987
60646,21,8908,31829.1,100,357.3,27987
60646,22,8912,31843.4,100,357.3,27987
60646,23,8918,31864.8,100,357.3,27987
60646,24,8921,31875.5,100,357.3,27987
60646,25,8927,31897,101,360.9,27987
60646,26,8932,31914.8,101,360.9,27987
60646,27,8936,31929.1,101,360.9,27987
60646,28,8944,31957.7,101,360.9,27987
60646,29,8946,31964.8,101,360.9,27987
60646,3,8599,30725,98,350.2,27987
60646,30,8951,31982.7,101,360.9,27987
60646,31,8957,32004.1,101,360.9,27987
60646,32,8974,32064.9,101,360.9,27987
60646,33,8987,32111.3,101,360.9,27987
60646,34,9010,32193.5,102,364.5,27987
60646,35,9032,32272.1,102,364.5,27987
60646,36,9046,32322.1,102,364.5,27987
60646,37,9051,32340,102,364.5,27987
60646,38,9066,32393.6,102,364.5,27987
60646,39,9086,32465.1,102,364.5,27987
60646,4,8628,30828.6,98,350.2,27987
60646,40,9100,32515.1,102,364.5,27987
60646,42,9129,32618.7,102,364.5,27987
60646,43,9143,32668.7,102,364.5,27987
60646,44,9162,32736.6,102,364.5,27987
60646,45,9179,32797.4,102,364.5,27987
60646,46,9196,32858.1,102,364.5,27987
60646,47,9217,32933.1,102,364.5,27987
60646,48,9232,32986.7,102,364.5,27987
60646,5,8650,30907.2,99,353.7,27987
60646,13,9553,34133.7,107,382.3,27987
60649,14,11720,25465,230,499.7,46024
60631,15,10633,36008.7,147,497.8,29529
60632,15,27759,30491.3,270,296.6,91039
60651,15,19226,30412.2,191,302.1,63218
60637,1,13644,28752.1,108,227.6,47454
60638,1,19480,33130.9,203,345.3,58797
Unknown,1,4645,0,13,0,0
60666,15,23,0,0,0,0
60642,15,5864,29028.3,31,153.5,20201
60604,15,504,64450.1,0,0,782
60638,15,19741,33574.8,210,357.2,58797
60656,15,9169,33246.3,86,311.8,27579
60617,15,21650,26231.6,264,319.9,82534
60661,15,3197,32208.3,2,20.1,9926
60607,15,9682,32719.4,20,67.6,29591
60827,15,1321,4622.6,19,66.5,28577
60603,15,457,38926.7,0,0,1174
60655,15,9031,31353.3,55,190.9,28804
60634,15,26984,35507.6,265,348.7,75995
60601,15,5824,39686.5,15,102.2,14675
60606,15,1311,42276.7,11,354.7,3101
60628,15,17609,26390.8,328,491.6,66724
60629,15,36538,32667,365,326.3,111850
60652,15,13961,31796.8,147,334.8,43907
60612,15,11278,32869.9,110,320.6,34311
60618,15,26826,28418.9,185,196,94395
60621,15,7954,27387.9,157,540.6,29042
60623,15,26413,30720.3,342,397.8,85979
60657,15,20222,28867.1,68,97.1,70052
60602,15,508,40836,3,241.2,1244
60659,15,12903,31418.6,138,336,41068
60605,15,8038,29208.9,16,58.1,27519
60639,15,31148,34411.2,320,353.5,90517
60630,15,17910,31232.6,207,361,57344
60707,15,6253,14535.4,68,158.1,43019
60626,15,14707,29573.7,218,438.4,49730
60640,15,18998,27251,209,299.8,69715
60654,15,6271,32772.4,9,47,19135
60614,15,20260,28412,126,176.7,71308
60615,15,10659,25645.4,81,194.9,41563
60636,15,9607,29832.6,168,521.7,32203
60644,15,13705,28724.4,222,465.3,47712
60647,15,25184,28778.8,200,228.5,87509
60666,25,10,0,0,0,0
60666,3,8,0,0,0,0
60666,31,11,0,0,0,0
60666,32,11,0,0,0,0
60666,26,11,0,0,0,0
60666,24,10,0,0,0,0
60666,35,11,0,0,0,0
60666,27,11,0,0,0,0
60666,23,10,0,0,0,0
60666,34,11,0,0,0,0
60666,22,10,0,0,0,0
60666,28,11,0,0,0,0
60666,30,11,0,0,0,0
60666,29,11,0,0,0,0
60666,33,11,0,0,0,0
60643,15,14613,29302.2,220,441.1,49870
60602,3,77,6189.7,1,80.4,1244
60602,23,106,8520.9,2,160.8,1244
60602,24,106,8520.9,2,160.8,1244
60602,25,106,8520.9,2,160.8,1244
60602,26,107,8601.3,2,160.8,1244
60602,27,107,8601.3,2,160.8,1244
60602,28,107,8601.3,2,160.8,1244
60602,29,107,8601.3,2,160.8,1244
60602,30,111,8922.8,2,160.8,1244
60602,31,115,9244.4,2,160.8,1244
60608,15,21790,27510.9,206,260.1,79205
60611,15,9932,30629.7,31,95.6,32426
60613,12,9363,18683.8,64,127.7,50113
60613,14,9549,19054.9,64,127.7,50113
60613,17,9949,19853.1,64,127.7,50113
60613,18,10154,20262.2,64,127.7,50113
60613,20,10620,21192.1,64,127.7,50113
60613,21,10775,21501.4,64,127.7,50113
60613,22,10957,21864.6,64,127.7,50113
60613,23,11092,22134,64,127.7,50113
60613,24,11193,22335.5,64,127.7,50113
60613,26,11439,22826.4,65,129.7,50113
60613,27,11553,23053.9,65,129.7,50113
60613,29,11755,23457,65,129.7,50113
60613,31,11939,23824.2,65,129.7,50113
60613,33,12063,24071.6,65,129.7,50113
60613,34,12118,24181.4,65,129.7,50113
60613,35,12176,24297.1,65,129.7,50113
60613,40,12376,24696.2,66,131.7,50113
60613,41,12407,24758,66,131.7,50113
60613,42,12438,24819.9,66,131.7,50113
60613,45,12553,25049.4,66,131.7,50113
60613,46,12590,25123.2,66,131.7,50113
60613,47,12640,25223,66,131.7,50113
60613,48,12685,25312.8,67,133.7,50113
60613,5,9062,18083.1,62,123.7,50113
60613,50,12820,25582.2,67,133.7,50113
60613,51,12920,25781.7,68,135.7,50113
60613,8,9188,18334.6,64,127.7,50113
60613,16,13443,26825.4,70,139.7,50113
60609,15,18246,29670.7,234,380.5,61495
60613,17,13459,26857.3,70,139.7,50113
60613,20,13496,26931.1,70,139.7,50113
60613,22,13519,26977,70,139.7,50113
60613,24,13532,27003,70,139.7,50113
60613,26,13541,27020.9,70,139.7,50113
60613,28,13547,27032.9,70,139.7,50113
60613,31,13583,27104.7,70,139.7,50113
60613,35,13646,27230.5,70,139.7,50113
60613,41,13745,27428,70,139.7,50113
60613,42,13764,27465.9,70,139.7,50113
60613,43,13780,27497.9,70,139.7,50113
60602,32,115,9244.4,2,160.8,1244
60602,33,118,9485.5,2,160.8,1244
60602,34,121,9726.7,2,160.8,1244
60602,35,123,9887.5,2,160.8,1244
60602,36,124,9967.8,2,160.8,1244
60615,15,2226,5355.7,36,86.6,41563
60615,18,2380,5726.2,39,93.8,41563
60615,19,2410,5798.4,39,93.8,41563
60615,21,2457,5911.5,40,96.2,41563
60615,22,2472,5947.6,40,96.2,41563
60615,23,2479,5964.4,40,96.2,41563
60615,24,2487,5983.7,40,96.2,41563
60615,26,2495,6002.9,42,101.1,41563
60615,28,2506,6029.4,42,101.1,41563
60615,29,2529,6084.7,42,101.1,41563
60615,30,2566,6173.8,43,103.5,41563
60615,33,2687,6464.9,43,103.5,41563
60615,34,2739,6590,43,103.5,41563
60602,5,86,6913.2,1,80.4,1244
60602,7,91,7315.1,2,160.8,1244
60602,6,89,7154.3,1,80.4,1244
60602,38,126,10128.6,3,241.2,1244
60602,39,126,10128.6,3,241.2,1244
60602,41,128,10289.4,3,241.2,1244
60602,42,128,10289.4,3,241.2,1244
60602,43,129,10369.8,3,241.2,1244
60615,38,2925,7037.5,43,103.5,41563
60615,41,3010,7242,44,105.9,41563
60615,44,3094,7444.1,45,108.3,41563
60615,49,3445,8288.6,49,117.9,41563
60615,50,3803,9150,54,129.9,41563
60615,10,6234,14998.9,73,175.6,41563
60615,11,6257,15054.3,73,175.6,41563
60615,15,6507,15655.8,75,180.4,41563
60615,16,6620,15927.6,75,180.4,41563
60615,17,6727,16185.1,75,180.4,41563
60615,19,6994,16827.5,75,180.4,41563
60615,2,5864,14108.7,64,154,41563
60615,20,7136,17169.1,75,180.4,41563
60615,21,7287,17532.4,76,182.9,41563
60615,37,8707,20948.9,78,187.7,41563
60615,39,8796,21163.1,78,187.7,41563
60615,40,8848,21288.2,78,187.7,41563
60615,41,8886,21379.6,78,187.7,41563
60615,42,8924,21471,78,187.7,41563
60615,48,9205,22147.1,78,187.7,41563
60615,49,9266,22293.9,78,187.7,41563
60615,50,9345,22483.9,78,187.7,41563
60615,51,9396,22606.6,78,187.7,41563
60615,52,9442,22717.3,78,187.7,41563
60602,9,96,7717,2,160.8,1244
60602,8,93,7475.9,2,160.8,1244
60615,10,9803,23585.9,78,187.7,41563
60615,13,9865,23735.1,78,187.7,41563
60615,14,9883,23778.4,78,187.7,41563
60615,15,9909,23840.9,78,187.7,41563
60615,16,9926,23881.8,78,187.7,41563
60615,2,9527,22921.8,78,187.7,41563
60615,31,10063,24211.4,78,187.7,41563
60615,32,10084,24262,78,187.7,41563
60615,33,10100,24300.5,78,187.7,41563
60615,34,10127,24365.4,78,187.7,41563
60615,35,10144,24406.3,78,187.7,41563
60615,36,10163,24452,78,187.7,41563
60615,37,10184,24502.6,78,187.7,41563
60615,38,10201,24543.5,78,187.7,41563
60615,39,10223,24596.4,78,187.7,41563
60619,15,16273,26564.7,246,401.6,61258
60622,13,15819,29964.2,107,202.7,52793
60622,15,15836,29996.4,107,202.7,52793
60642,39,404,1999.9,13,64.4,20201
60642,40,415,2054.4,13,64.4,20201
60642,41,445,2202.9,13,64.4,20201
60642,42,493,2440.5,14,69.3,20201
60642,43,565,2796.9,14,69.3,20201
60642,44,651,3222.6,15,74.3,20201
60642,45,785,3885.9,15,74.3,20201
60642,46,924,4574,16,79.2,20201
60642,47,1043,5163.1,16,79.2,20201
60642,48,1109,5489.8,16,79.2,20201
60642,49,1189,5885.8,17,84.2,20201
60642,50,1256,6217.5,18,89.1,20201
60642,51,1325,6559.1,18,89.1,20201
60642,52,1374,6801.6,19,94.1,20201
60642,53,1427,7064,20,99,20201
60642,10,1772,8771.8,22,108.9,20201
60642,11,1801,8915.4,22,108.9,20201
60642,12,1860,9207.5,22,108.9,20201
60642,13,1918,9494.6,22,108.9,20201
60642,14,1971,9756.9,22,108.9,20201
60642,15,2005,9925.3,23,113.9,20201
60642,16,2028,10039.1,23,113.9,20201
60642,17,2044,10118.3,23,113.9,20201
60642,18,2058,10187.6,23,113.9,20201
60642,19,2065,10222.3,23,113.9,20201
60642,2,1561,7727.3,20,99,20201
60642,20,2070,10247,23,113.9,20201
60642,21,2076,10276.7,24,118.8,20201
60642,22,2079,10291.6,24,118.8,20201
60642,23,2080,10296.5,24,118.8,20201
60642,24,2081,10301.5,24,118.8,20201
60642,25,2083,10311.4,24,118.8,20201
60642,26,2087,10331.2,24,118.8,20201
60642,27,2094,10365.8,24,118.8,20201
60642,28,2104,10415.3,24,118.8,20201
60642,29,2115,10469.8,24,118.8,20201
60642,3,1593,7885.7,20,99,20201
60642,30,2138,10583.6,24,118.8,20201
60642,31,2180,10791.5,24,118.8,20201
60642,32,2209,10935.1,24,118.8,20201
60642,33,2230,11039.1,24,118.8,20201
60642,34,2260,11187.6,24,118.8,20201
60642,35,2280,11286.6,24,118.8,20201
60642,36,2318,11474.7,24,118.8,20201
60642,37,2342,11593.5,24,118.8,20201
60642,38,2373,11746.9,24,118.8,20201
60642,39,2391,11836,24,118.8,20201
60642,4,1641,8123.4,20,99,20201
60642,40,2402,11890.5,24,118.8,20201
60642,41,2420,11979.6,24,118.8,20201
60642,42,2443,12093.5,24,118.8,20201
60642,43,2454,12147.9,24,118.8,20201
60642,44,2477,12261.8,24,118.8,20201
60642,45,2517,12459.8,24,118.8,20201
60642,46,2570,12722.1,24,118.8,20201
60642,47,2600,12870.6,24,118.8,20201
60642,48,2649,13113.2,24,118.8,20201
60642,49,2729,13509.2,24,118.8,20201
60642,5,1670,8266.9,20,99,20201
60642,50,2969,14697.3,25,123.8,20201
60642,51,3300,16335.8,26,128.7,20201
60642,52,3575,17697.1,26,128.7,20201
60642,6,1698,8405.5,20,99,20201
60642,7,1714,8484.7,21,104,20201
60642,8,1723,8529.3,21,104,20201
60642,9,1741,8618.4,22,108.9,20201
60642,1,3885,19231.7,27,133.7,20201
60642,10,4251,21043.5,31,153.5,20201
60642,11,4258,21078.2,31,153.5,20201
60642,12,4270,21137.6,31,153.5,20201
60642,14,4334,21454.4,31,153.5,20201
60642,15,4380,21682.1,31,153.5,20201
60642,16,4433,21944.5,31,153.5,20201
60642,17,4489,22221.7,31,153.5,20201
60642,18,4560,22573.1,31,153.5,20201
60642,19,4626,22899.9,31,153.5,20201
60642,2,4034,19969.3,28,138.6,20201
60642,20,4696,23246.4,31,153.5,20201
60642,21,4754,23533.5,31,153.5,20201
60642,22,4804,23781,31,153.5,20201
60642,23,4853,24023.6,31,153.5,20201
60642,24,4886,24186.9,31,153.5,20201
60642,25,4935,24429.5,31,153.5,20201
60642,26,4966,24582.9,31,153.5,20201
60642,27,5010,24800.8,31,153.5,20201
60642,28,5045,24974,31,153.5,20201
60642,29,5086,25177,31,153.5,20201
60642,3,4111,20350.5,28,138.6,20201
60642,30,5128,25384.9,31,153.5,20201
60642,31,5159,25538.3,31,153.5,20201
60642,32,5177,25627.4,31,153.5,20201
60642,34,5213,25805.7,31,153.5,20201
60642,35,5232,25899.7,31,153.5,20201
60642,36,5246,25969,31,153.5,20201
60642,37,5255,26013.6,31,153.5,20201
60642,38,5271,26092.8,31,153.5,20201
60642,42,5319,26330.4,31,153.5,20201
60642,43,5327,26370,31,153.5,20201
60642,44,5341,26439.3,31,153.5,20201
60642,45,5357,26518.5,31,153.5,20201
60642,46,5368,26572.9,31,153.5,20201
60642,47,5382,26642.2,31,153.5,20201
60642,48,5397,26716.5,31,153.5,20201
60642,49,5418,26820.5,31,153.5,20201
60642,5,4188,20731.6,31,153.5,20201
60642,50,5432,26889.8,31,153.5,20201
60642,51,5450,26978.9,31,153.5,20201
60642,52,5462,27038.3,31,153.5,20201
60642,6,4212,20850.5,31,153.5,20201
60642,7,4223,20904.9,31,153.5,20201
60642,8,4233,20954.4,31,153.5,20201
60642,9,4244,21008.9,31,153.5,20201
60642,11,5580,27622.4,31,153.5,20201
60642,12,5588,27662,31,153.5,20201
60642,13,5595,27696.6,31,153.5,20201
60642,14,5602,27731.3,31,153.5,20201
60642,15,5606,27751.1,31,153.5,20201
60642,16,5611,27775.9,31,153.5,20201
60642,17,5617,27805.6,31,153.5,20201
60642,2,5498,27216.5,31,153.5,20201
60642,23,5640,27919.4,31,153.5,20201
60642,24,5643,27934.3,31,153.5,20201
60642,25,5645,27944.2,31,153.5,20201
60642,26,5646,27949.1,31,153.5,20201
60642,27,5647,27954.1,31,153.5,20201
60642,28,5649,27964,31,153.5,20201
60642,29,5651,27973.9,31,153.5,20201
60642,30,5656,27998.6,31,153.5,20201
60642,31,5657,28003.6,31,153.5,20201
60642,32,5666,28048.1,31,153.5,20201
60642,33,5672,28077.8,31,153.5,20201
60642,34,5681,28122.4,31,153.5,20201
60642,35,5693,28181.8,31,153.5,20201
60642,36,5697,28201.6,31,153.5,20201
60642,37,5704,28236.2,31,153.5,20201
60642,38,5710,28265.9,31,153.5,20201
60659,10,11870,28903.3,132,321.4,41068
60659,11,11894,28961.7,132,321.4,41068
60659,12,11915,29012.9,132,321.4,41068
60659,13,11937,29066.4,132,321.4,41068
60659,14,11963,29129.7,132,321.4,41068
60659,15,11983,29178.4,132,321.4,41068
60659,16,12007,29236.9,132,321.4,41068
60659,17,12027,29285.6,132,321.4,41068
60659,18,12040,29317.2,132,321.4,41068
60659,19,12052,29346.4,132,321.4,41068
60659,20,12058,29361.1,132,321.4,41068
60659,21,12066,29380.5,132,321.4,41068
60659,22,12073,29397.6,132,321.4,41068
60659,23,12076,29404.9,132,321.4,41068
60659,24,12078,29409.8,132,321.4,41068
60659,31,12127,29529.1,132,321.4,41068
60659,32,12142,29565.6,132,321.4,41068
60666,45,12,0,0,0,0
60666,5,8,0,0,0,0
60666,41,11,0,0,0,0
60666,36,11,0,0,0,0
60666,49,12,0,0,0,0
60666,46,12,0,0,0,0
60666,39,11,0,0,0,0
60666,42,11,0,0,0,0
60666,52,12,0,0,0,0
60666,43,11,0,0,0,0
60666,48,12,0,0,0,0
60666,51,12,0,0,0,0
60666,4,8,0,0,0,0
60666,38,11,0,0,0,0
60666,44,11,0,0,0,0
60666,47,12,0,0,0,0
60666,50,12,0,0,0,0
60666,37,11,0,0,0,0
60666,40,11,0,0,0,0
60659,33,12162,29614.3,132,321.4,41068
60659,34,12177,29650.8,132,321.4,41068
60659,35,12214,29740.9,132,321.4,41068
60659,36,12237,29796.9,132,321.4,41068
60659,37,12262,29857.8,132,321.4,41068
60659,39,12307,29967.4,132,321.4,41068
60659,41,12343,30055,132,321.4,41068
60643,16,14619,29314.2,220,441.1,49870
Unknown,16,4655,0,13,0,0
60707,16,6254,14537.8,68,158.1,43019
60626,16,14711,29581.7,218,438.4,49730
60609,16,18253,29682.1,234,380.5,61495
60621,16,7957,27398.3,157,540.6,29042
60657,16,20228,28875.7,68,97.1,70052
60634,16,26987,35511.5,265,348.7,75995
60659,16,12911,31438.1,138,336,41068
60604,16,504,64450.1,0,0,782
60617,16,21656,26238.9,264,319.9,82534
60623,16,26418,30726.1,342,397.8,85979
60611,16,9934,30635.9,31,95.6,32426
60607,16,9686,32732.9,20,67.6,29591
60603,16,457,38926.7,0,0,1174
60629,16,36547,32675,365,326.3,111850
60640,16,19012,27271,209,299.8,69715
60654,16,6272,32777.6,9,47,19135
60614,16,20268,28423.2,126,176.7,71308
60618,16,26832,28425.2,185,196,94395
60660,16,11912,27547.3,111,256.7,43242
60656,16,9171,33253.6,86,311.8,27579
60666,16,23,0,0,0,0
60661,16,3198,32218.4,2,20.1,9926
60631,16,10636,36018.8,147,497.8,29529
60602,16,508,40836,3,241.2,1244
60642,16,5867,29043.1,31,153.5,20201
60608,16,21796,27518.5,206,260.1,79205
60655,16,9033,31360.2,55,190.9,28804
60613,16,14248,28431.7,72,143.7,50113
60646,16,9572,34201.6,107,382.3,27987
60620,16,17884,26262.9,307,450.8,68096
60612,16,11281,32878.7,111,323.5,34311
60615,16,10662,25652.6,81,194.9,41563
60619,16,16274,26566.3,246,401.6,61258
60625,16,23656,29852.5,264,333.2,79243
60636,16,9610,29841.9,168,521.7,32203
60647,16,25187,28782.2,200,228.5,87509
60651,16,19229,30417,191,302.1,63218
60601,16,5824,39686.5,15,102.2,14675
60602,46,141,11334.4,3,241.2,1244
60602,47,144,11575.6,3,241.2,1244
60602,48,148,11897.1,3,241.2,1244
60602,50,180,14469.5,3,241.2,1244
60602,52,245,19694.5,3,241.2,1244
60602,1,289,23231.5,3,241.2,1244
60602,10,328,26366.6,3,241.2,1244
60602,11,330,26527.3,3,241.2,1244
60602,12,330,26527.3,3,241.2,1244
60602,13,331,26607.7,3,241.2,1244
60602,14,338,27170.4,3,241.2,1244
60606,16,1311,42276.7,11,354.7,3101
60610,8,11078,28391.3,57,146.1,39019
60610,9,11115,28486.1,58,148.6,39019
60613,15,14243,28421.8,72,143.7,50113
60614,2,4328,6069.4,85,119.2,71308
60614,21,5930,8316,92,129,71308
60614,24,5941,8331.5,93,130.4,71308
60614,25,5950,8344.1,93,130.4,71308
60614,27,5966,8366.5,93,130.4,71308
60614,30,6114,8574.1,94,131.8,71308
60614,32,6330,8877,94,131.8,71308
60610,15,12112,31041.3,65,166.6,39019
60610,16,12122,31066.9,65,166.6,39019
60614,35,6604,9261.2,94,131.8,71308
60614,36,6708,9407.1,94,131.8,71308
60614,37,6798,9533.3,94,131.8,71308
60614,38,6867,9630.1,94,131.8,71308
60614,39,6922,9707.2,94,131.8,71308
60614,4,4519,6337.3,86,120.6,71308
60614,49,7992,11207.7,98,137.4,71308
60614,5,4598,6448.1,86,120.6,71308
60614,51,9996,14018.1,100,140.2,71308
60614,6,4668,6546.3,87,122,71308
60614,7,4732,6636,87,122,71308
60614,8,4798,6728.6,89,124.8,71308
60614,10,13269,18608,113,158.5,71308
60614,11,13341,18709,113,158.5,71308
60614,13,13585,19051.2,113,158.5,71308
60614,15,13999,19631.7,113,158.5,71308
60614,18,14769,20711.6,113,158.5,71308
60614,19,15140,21231.8,113,158.5,71308
60614,6,13110,18385,113,158.5,71308
60614,9,13238,18564.5,113,158.5,71308
60614,11,19073,26747.3,121,169.7,71308
60614,12,19093,26775.4,121,169.7,71308
60614,13,19115,26806.2,121,169.7,71308
60614,17,19199,26924,121,169.7,71308
60614,21,19257,27005.4,121,169.7,71308
60614,23,19276,27032,121,169.7,71308
60614,25,19292,27054.5,121,169.7,71308
60614,27,19305,27072.7,121,169.7,71308
60614,28,19312,27082.5,121,169.7,71308
60614,29,19334,27113.4,121,169.7,71308
60614,30,19350,27135.8,121,169.7,71308
60614,4,18731,26267.7,121,169.7,71308
60616,15,13153,24149.9,148,271.7,54464
60620,13,16562,24321.5,297,436.1,68096
60620,14,16603,24381.8,297,436.1,68096
60620,15,16637,24431.7,297,436.1,68096
60620,16,16660,24465.5,297,436.1,68096
60620,17,16682,24497.8,298,437.6,68096
60622,16,15840,30004,107,202.7,52793
60624,39,1225,3387.9,32,88.5,36158
60624,41,1264,3495.8,32,88.5,36158
60624,42,1304,3606.4,32,88.5,36158
60624,43,1361,3764,35,96.8,36158
60624,44,1447,4001.9,36,99.6,36158
60624,45,1569,4339.3,36,99.6,36158
60624,46,1743,4820.5,38,105.1,36158
60624,47,1901,5257.5,38,105.1,36158
60624,48,2012,5564.5,43,118.9,36158
60624,49,2153,5954.4,47,130,36158
60624,50,2268,6272.5,52,143.8,36158
60624,51,2369,6551.8,56,154.9,36158
60624,52,2442,6753.7,57,157.6,36158
60624,53,2515,6955.6,58,160.4,36158
60624,1,2591,7165.8,59,163.2,36158
60624,11,2957,8178,73,201.9,36158
60624,12,3000,8296.9,73,201.9,36158
60624,14,3113,8609.4,75,207.4,36158
60624,15,3193,8830.7,75,207.4,36158
60624,16,3263,9024.3,76,210.2,36158
60624,17,3307,9146,76,210.2,36158
60624,18,3379,9345.1,77,213,36158
60624,19,3420,9458.5,79,218.5,36158
60624,2,2664,7367.7,60,165.9,36158
60624,20,3448,9535.9,81,224,36158
60624,21,3476,9613.4,82,226.8,36158
60624,22,3489,9649.3,83,229.5,36158
60624,23,3497,9671.4,85,235.1,36158
60624,24,3498,9674.2,87,240.6,36158
60624,25,3500,9679.7,87,240.6,36158
60624,26,3503,9688,87,240.6,36158
60624,27,3508,9701.9,87,240.6,36158
60624,29,3539,9787.6,89,246.1,36158
60624,3,2716,7511.5,61,168.7,36158
60624,30,3560,9845.7,89,246.1,36158
60624,32,3636,10055.9,91,251.7,36158
60624,34,3712,10266.1,92,254.4,36158
60624,35,3755,10385,93,257.2,36158
60624,36,3818,10559.2,93,257.2,36158
60624,37,3866,10692,93,257.2,36158
60624,38,3892,10763.9,94,260,36158
60624,39,3928,10863.4,94,260,36158
60624,4,2746,7594.4,63,174.2,36158
60624,40,3967,10971.3,94,260,36158
60624,41,3996,11051.5,94,260,36158
60624,42,4035,11159.4,96,265.5,36158
60624,43,4081,11286.6,96,265.5,36158
60624,44,4119,11391.7,96,265.5,36158
60624,45,4151,11480.2,96,265.5,36158
60624,46,4201,11618.5,96,265.5,36158
60624,47,4260,11781.6,97,268.3,36158
60624,48,4373,12094.1,98,271,36158
60624,49,4484,12401.1,100,276.6,36158
60624,5,2774,7671.9,66,182.5,36158
60624,50,4778,13214.2,101,279.3,36158
60624,51,5396,14923.4,103,284.9,36158
60624,52,6060,16759.8,104,287.6,36158
60624,6,2803,7752.1,68,188.1,36158
60624,7,2828,7821.2,70,193.6,36158
60624,8,2856,7898.7,71,196.4,36158
60624,9,2891,7995.5,71,196.4,36158
60624,1,6643,18372.1,107,295.9,36158
60624,10,7086,19597.3,115,318,36158
60624,11,7092,19613.9,115,318,36158
60624,12,7101,19638.8,115,318,36158
60624,13,7107,19655.4,115,318,36158
60624,14,7113,19672,115,318,36158
60624,15,7123,19699.7,116,320.8,36158
60624,16,7148,19768.8,116,320.8,36158
60624,17,7179,19854.5,116,320.8,36158
60624,18,7234,20006.6,116,320.8,36158
60624,19,7307,20208.5,116,320.8,36158
60624,2,6838,18911.4,108,298.7,36158
60624,20,7375,20396.6,116,320.8,36158
60624,21,7417,20512.7,116,320.8,36158
60624,22,7496,20731.2,116,320.8,36158
60624,23,7561,20911,116,320.8,36158
60624,24,7620,21074.2,116,320.8,36158
60624,25,7663,21193.1,116,320.8,36158
60624,26,7723,21359,116,320.8,36158
60624,27,7769,21486.3,116,320.8,36158
60624,28,7834,21666,116,320.8,36158
60624,3,6945,19207.4,110,304.2,36158
60624,30,8021,22183.2,117,323.6,36158
60624,31,8086,22363,117,323.6,36158
60624,32,8144,22523.4,117,323.6,36158
60624,33,8199,22675.5,117,323.6,36158
60624,34,8247,22808.2,117,323.6,36158
60624,35,8301,22957.6,117,323.6,36158
60624,36,8350,23093.1,117,323.6,36158
60624,37,8374,23159.5,117,323.6,36158
60624,38,8400,23231.4,117,323.6,36158
60624,4,7017,19406.5,113,312.5,36158
60624,40,8441,23344.8,117,323.6,36158
60624,41,8461,23400.1,117,323.6,36158
60624,42,8506,23524.5,117,323.6,36158
60624,43,8558,23668.3,117,323.6,36158
60624,44,8601,23787.3,117,323.6,36158
60624,46,8691,24036.2,117,323.6,36158
60624,47,8727,24135.7,117,323.6,36158
60624,6,7051,19500.5,114,315.3,36158
60624,7,7067,19544.8,115,318,36158
60624,8,7076,19569.7,115,318,36158
60630,16,17914,31239.5,207,361,57344
60632,11,20956,23018.7,254,279,91039
60632,12,20967,23030.8,255,280.1,91039
60632,13,20994,23060.4,256,281.2,91039
60632,14,21018,23086.8,256,281.2,91039
60632,15,21044,23115.4,256,281.2,91039
60632,16,21112,23190.1,256,281.2,91039
60624,14,10309,28511,120,331.9,36158
60624,15,10312,28519.3,120,331.9,36158
60624,16,10315,28527.6,120,331.9,36158
60624,4,10216,28253.8,120,331.9,36158
60625,10,23589,29767.9,264,333.2,79243
60625,12,23617,29803.3,264,333.2,79243
60625,15,23650,29844.9,264,333.2,79243
60632,17,21212,23299.9,256,281.2,91039
60632,18,21321,23419.6,256,281.2,91039
60632,19,21510,23627.2,256,281.2,91039
60632,20,21688,23822.8,256,281.2,91039
60632,21,21872,24024.9,256,281.2,91039
60632,22,22078,24251.1,256,281.2,91039
60632,23,22239,24428,256,281.2,91039
60632,24,22352,24552.1,256,281.2,91039
60632,25,22482,24694.9,256,281.2,91039
60632,26,22600,24824.5,256,281.2,91039
60632,27,22737,24975,257,282.3,91039
60632,28,22905,25159.5,257,282.3,91039
60632,29,23056,25325.4,257,282.3,91039
60632,30,23189,25471.5,257,282.3,91039
60632,31,23345,25642.9,258,283.4,91039
60632,32,23486,25797.7,258,283.4,91039
60632,33,23611,25935,259,284.5,91039
60632,34,23749,26086.6,259,284.5,91039
60632,35,23892,26243.7,260,285.6,91039
60632,36,23986,26347,261,286.7,91039
60632,37,24078,26448,261,286.7,91039
60632,40,24251,26638,261,286.7,91039
60632,41,24321,26714.9,261,286.7,91039
60632,42,24398,26799.5,261,286.7,91039
60632,43,24509,26921.4,261,286.7,91039
60632,44,24578,26997.2,261,286.7,91039
60632,45,24672,27100.5,261,286.7,91039
60632,46,24754,27190.5,261,286.7,91039
60632,47,24815,27257.5,261,286.7,91039
60632,48,24939,27393.8,261,286.7,91039
60632,49,25057,27523.4,261,286.7,91039
60602,15,340,27331.2,3,241.2,1244
60602,16,348,27974.3,3,241.2,1244
60602,17,354,28456.6,3,241.2,1244
60602,18,359,28858.5,3,241.2,1244
60632,50,25198,27678.2,261,286.7,91039
60632,51,25294,27783.7,261,286.7,91039
60632,52,25374,27871.6,262,287.8,91039
60632,11,26287,28874.4,265,291.1,91039
60632,12,26338,28930.5,265,291.1,91039
60632,13,26394,28992,265,291.1,91039
60632,14,26421,29021.6,266,292.2,91039
60632,15,26455,29059,266,292.2,91039
60632,16,26484,29090.8,266,292.2,91039
60632,17,26510,29119.4,266,292.2,91039
60632,2,25532,28045.1,263,288.9,91039
60633,15,3372,26198.4,30,233.1,12871
60633,16,3374,26214,30,233.1,12871
60632,35,26789,29425.9,266,292.2,91039
60632,36,26824,29464.3,266,292.2,91039
60632,37,26845,29487.4,266,292.2,91039
60632,38,26869,29513.7,266,292.2,91039
60632,14,27749,30480.3,270,296.6,91039
60632,16,27763,30495.7,270,296.6,91039
60638,16,19748,33586.7,210,357.2,58797
60639,16,31153,34416.7,320,353.5,90517
60641,15,23143,32585.2,208,292.9,71023
60641,16,23148,32592.3,208,292.9,71023
60641,6,23024,32417.7,207,291.5,71023
60641,8,23071,32483.8,207,291.5,71023
60645,15,15409,32282.3,161,337.3,47732
60645,16,15418,32301.2,161,337.3,47732
60646,15,9566,34180.2,107,382.3,27987
60649,15,3268,7100.6,149,323.7,46024
60649,16,3347,7272.3,150,325.9,46024
60649,17,3441,7476.5,151,328.1,46024
60649,18,3519,7646,151,328.1,46024
60649,19,3576,7769.9,153,332.4,46024
60649,21,3649,7928.5,156,339,46024
60649,22,3665,7963.2,157,341.1,46024
60649,23,3680,7995.8,157,341.1,46024
60649,24,3686,8008.9,157,341.1,46024
60649,25,3697,8032.8,157,341.1,46024
60649,26,3700,8039.3,157,341.1,46024
60649,27,3703,8045.8,158,343.3,46024
60649,28,3717,8076.2,158,343.3,46024
60649,29,3740,8126.2,158,343.3,46024
60649,30,3776,8204.4,159,345.5,46024
60649,31,3805,8267.4,160,347.6,46024
60649,32,3855,8376.1,160,347.6,46024
60649,33,3901,8476,160,347.6,46024
60649,34,3975,8636.8,162,352,46024
60649,35,4029,8754.1,162,352,46024
60649,36,4064,8830.2,165,358.5,46024
60602,19,362,29099.7,3,241.2,1244
60602,2,307,24678.5,3,241.2,1244
60602,20,369,29662.4,3,241.2,1244
60602,21,374,30064.3,3,241.2,1244
60602,22,379,30466.2,3,241.2,1244
60602,23,392,31511.3,3,241.2,1244
60602,24,397,31913.2,3,241.2,1244
60602,25,403,32395.5,3,241.2,1244
60602,26,408,32797.4,3,241.2,1244
60649,37,4124,8960.5,167,362.9,46024
60649,38,4170,9060.5,168,365,46024
60649,39,4225,9180,169,367.2,46024
60649,40,4255,9245.2,172,373.7,46024
60649,41,4286,9312.5,173,375.9,46024
60649,42,4309,9362.5,173,375.9,46024
60649,43,4339,9427.7,173,375.9,46024
60649,44,4384,9525.5,174,378.1,46024
60649,45,4456,9681.9,178,386.8,46024
60649,46,4532,9847,181,393.3,46024
60649,47,4589,9970.9,181,393.3,46024
60649,48,4689,10188.2,182,395.4,46024
60649,49,4839,10514.1,182,395.4,46024
60649,50,5219,11339.7,183,397.6,46024
60649,51,5854,12719.5,185,402,46024
60649,52,6624,14392.5,189,410.7,46024
60649,1,7154,15544.1,195,423.7,46024
60649,10,7785,16915.1,219,475.8,46024
60649,11,7801,16949.9,219,475.8,46024
60649,12,7810,16969.4,219,475.8,46024
60649,13,7813,16975.9,219,475.8,46024
60649,14,7826,17004.2,219,475.8,46024
60649,15,7848,17052,219,475.8,46024
60649,16,7879,17119.3,219,475.8,46024
60649,17,7923,17214.9,219,475.8,46024
60649,18,8001,17384.4,219,475.8,46024
60649,19,8104,17608.2,219,475.8,46024
60649,2,7469,16228.5,202,438.9,46024
60649,20,8177,17766.8,219,475.8,46024
60649,21,8249,17923.3,219,475.8,46024
60649,22,8332,18103.6,219,475.8,46024
60649,23,8403,18257.9,219,475.8,46024
60649,24,8459,18379.5,219,475.8,46024
60649,25,8529,18531.6,219,475.8,46024
60649,26,8599,18683.7,219,475.8,46024
60649,27,8679,18857.6,219,475.8,46024
60649,28,8753,19018.3,219,475.8,46024
60649,29,8832,19190,219,475.8,46024
60649,3,7593,16497.9,208,451.9,46024
60649,30,8953,19452.9,219,475.8,46024
60649,31,9064,19694.1,219,475.8,46024
60649,32,9141,19861.4,219,475.8,46024
60649,17,10937,23763.7,226,491,46024
60649,2,10481,22772.9,226,491,46024
60653,14,2451,7666.1,61,190.8,31972
60653,15,2513,7860,62,193.9,31972
60653,16,2566,8025.8,62,193.9,31972
60653,17,2625,8210.3,63,197,31972
60653,18,2699,8441.8,66,206.4,31972
60653,19,2730,8538.7,67,209.6,31972
60653,20,2758,8626.3,67,209.6,31972
60653,21,2786,8713.9,67,209.6,31972
60653,22,2793,8735.8,67,209.6,31972
60653,23,2795,8742,68,212.7,31972
60653,24,2804,8770.2,68,212.7,31972
60653,25,2804,8770.2,68,212.7,31972
60653,26,2814,8801.5,68,212.7,31972
60653,27,2821,8823.3,68,212.7,31972
60653,28,2840,8882.8,70,218.9,31972
60653,29,2863,8954.7,70,218.9,31972
60653,30,2892,9045.4,70,218.9,31972
60653,31,2936,9183,71,222.1,31972
60653,32,2975,9305,72,225.2,31972
60653,33,3032,9483.3,73,228.3,31972
60653,34,3079,9630.3,73,228.3,31972
60653,35,3121,9761.7,73,228.3,31972
60653,16,6370,19923.7,99,309.6,31972
60653,17,6425,20095.7,99,309.6,31972
60653,18,6498,20324,99,309.6,31972
60653,19,6584,20593,99,309.6,31972
60653,2,5985,18719.5,90,281.5,31972
60653,20,6656,20818.2,99,309.6,31972
60653,21,6741,21084.1,99,309.6,31972
60653,22,6830,21362.4,99,309.6,31972
60653,23,6903,21590.8,99,309.6,31972
60653,24,6967,21790.9,100,312.8,31972
60653,25,7023,21966.1,100,312.8,31972
60653,26,7092,22181.9,100,312.8,31972
60653,27,7162,22400.9,100,312.8,31972
60653,28,7246,22663.6,100,312.8,31972
60653,29,7338,22951.3,100,312.8,31972
60653,3,6097,19069.8,91,284.6,31972
60653,30,7412,23182.8,100,312.8,31972
60653,31,7486,23414.2,100,312.8,31972
60653,32,7543,23592.5,100,312.8,31972
60653,33,7595,23755.2,100,312.8,31972
60653,34,7638,23889.7,100,312.8,31972
60653,35,7684,24033.5,100,312.8,31972
60653,36,7718,24139.9,100,312.8,31972
60653,37,7759,24268.1,100,312.8,31972
60653,38,7787,24355.7,101,315.9,31972
60653,39,7809,24424.5,101,315.9,31972
60653,4,6149,19232.5,94,294,31972
60653,40,7856,24571.5,101,315.9,31972
60653,43,7973,24937.4,102,319,31972
60666,1,18,0,0,0,0
60666,13,12,0,0,0,0
60666,11,12,0,0,0,0
60666,14,12,0,0,0,0
60666,6,8,0,0,0,0
60666,8,8,0,0,0,0
60666,18,12,0,0,0,0
60666,17,12,0,0,0,0
60666,20,12,0,0,0,0
60666,9,8,0,0,0,0
60666,16,12,0,0,0,0
60666,2,12,0,0,0,0
60666,21,13,0,0,0,0
60666,15,12,0,0,0,0
60666,12,12,0,0,0,0
60666,10,12,0,0,0,0
60666,22,13,0,0,0,0
60666,19,12,0,0,0,0
60666,7,8,0,0,0,0
60602,27,409,32877.8,3,241.2,1244
60602,28,416,33440.5,3,241.2,1244
60602,29,418,33601.3,3,241.2,1244
60602,3,315,25321.5,3,241.2,1244
60602,30,419,33681.7,3,241.2,1244
60602,31,420,33762.1,3,241.2,1244
60602,32,420,33762.1,3,241.2,1244
60602,33,422,33922.8,3,241.2,1244
60602,34,424,34083.6,3,241.2,1244
60602,35,426,34244.4,3,241.2,1244
60602,36,427,34324.8,3,241.2,1244
60602,37,429,34485.5,3,241.2,1244
60653,44,8027,25106.3,102,319,31972
60653,45,8064,25222.1,102,319,31972
60653,46,8111,25369.1,102,319,31972
60653,48,8191,25619.3,103,322.2,31972
60653,49,8250,25803.8,103,322.2,31972
60653,50,8321,26025.9,103,322.2,31972
60653,51,8372,26185.4,103,322.2,31972
60602,39,434,34887.5,3,241.2,1244
60602,4,320,25723.5,3,241.2,1244
60602,40,440,35369.8,3,241.2,1244
60602,43,447,35932.5,3,241.2,1244
60602,44,450,36173.6,3,241.2,1244
60602,45,454,36495.2,3,241.2,1244
60602,49,459,36897.1,3,241.2,1244
60602,5,324,26045,3,241.2,1244
60602,51,469,37701,3,241.2,1244
60602,52,471,37861.7,3,241.2,1244
60602,6,326,26205.8,3,241.2,1244
60602,7,328,26366.6,3,241.2,1244
60602,9,328,26366.6,3,241.2,1244
60653,52,8418,26329.3,103,322.2,31972
60653,8,6221,19457.7,99,309.6,31972
60653,9,6233,19495.2,99,309.6,31972
60653,10,8806,27542.8,103,322.2,31972
60653,11,8832,27624.2,103,322.2,31972
60653,15,9575,29948.1,104,325.3,31972
60653,16,9582,29970,104,325.3,31972
60827,16,1322,4626.1,19,66.5,28577
60653,18,8937,27952.6,103,322.2,31972
60653,19,8964,28037,103,322.2,31972
60653,20,8968,28049.5,103,322.2,31972
60645,17,15428,32322.1,161,337.3,47732
60707,17,6254,14537.8,68,158.1,43019
60655,17,9035,31367.2,55,190.9,28804
60666,17,23,0,0,0,0
60656,17,9173,33260.8,86,311.8,27579
60661,17,3200,32238.6,2,20.1,9926
60643,17,14626,29328.3,220,441.1,49870
Unknown,17,4657,0,13,0,0
60653,17,9582,29970,104,325.3,31972
60649,17,11731,25488.9,230,499.7,46024
60654,17,6273,32782.9,9,47,19135
60644,17,13714,28743.3,222,465.3,47712
60647,17,25189,28784.5,201,229.7,87509
60651,17,19236,30428,191,302.1,63218
60652,17,13970,31817.3,147,334.8,43907
60657,17,20233,28882.8,68,97.1,70052
60660,17,11920,27565.8,111,256.7,43242
60634,17,27000,35528.7,265,348.7,75995
60601,17,5824,39686.5,15,102.2,14675
60622,17,15842,30007.8,107,202.7,52793
60630,17,17922,31253.5,207,361,57344
60611,17,9942,30660.6,31,95.6,32426
60602,17,509,40916.4,3,241.2,1244
60631,17,10642,36039.1,147,497.8,29529
60603,17,458,39011.9,0,0,1174
60623,17,26428,30737.7,342,397.8,85979
60617,17,21665,26249.8,264,319.9,82534
60642,17,5867,29043.1,31,153.5,20201
60604,17,504,64450.1,0,0,782
60638,17,19752,33593.6,211,358.9,58797
60641,17,23151,32596.5,208,292.9,71023
60609,17,18256,29687,234,380.5,61495
60614,17,20279,28438.6,126,176.7,71308
60618,17,26840,28433.7,185,196,94395
60624,17,10321,28544.2,120,331.9,36158
60636,17,9616,29860.6,168,521.7,32203
60608,17,21805,27529.8,206,260.1,79205
60606,17,1311,42276.7,11,354.7,3101
60646,17,9576,34215.9,107,382.3,27987
60827,17,1323,4629.6,19,66.5,28577
60639,17,31160,34424.5,320,353.5,90517
60659,17,12918,31455.1,138,336,41068
60613,17,14255,28445.7,72,143.7,50113
60628,17,17622,26410.3,328,491.6,66724
60633,17,3375,26221.7,30,233.1,12871
60666,31,13,0,0,0,0
60666,37,15,0,0,0,0
60666,23,13,0,0,0,0
60666,27,13,0,0,0,0
60666,30,13,0,0,0,0
60666,35,13,0,0,0,0
60666,24,13,0,0,0,0
60666,28,13,0,0,0,0
60666,38,15,0,0,0,0
60666,3,12,0,0,0,0
60666,25,13,0,0,0,0
60666,34,13,0,0,0,0
60666,39,15,0,0,0,0
60666,33,13,0,0,0,0
60666,29,13,0,0,0,0
60666,26,13,0,0,0,0
60666,36,14,0,0,0,0
60666,32,13,0,0,0,0
60602,41,499,40112.5,3,241.2,1244
60602,42,499,40112.5,3,241.2,1244
60602,43,499,40112.5,3,241.2,1244
60602,44,499,40112.5,3,241.2,1244
60602,45,499,40112.5,3,241.2,1244
60602,46,501,40273.3,3,241.2,1244
60602,47,501,40273.3,3,241.2,1244
60602,48,503,40434.1,3,241.2,1244
60602,49,503,40434.1,3,241.2,1244
60602,5,474,38102.9,3,241.2,1244
60602,50,504,40514.5,3,241.2,1244
60602,51,505,40594.9,3,241.2,1244
60602,52,506,40675.2,3,241.2,1244
60602,6,475,38183.3,3,241.2,1244
60602,7,476,38263.7,3,241.2,1244
60602,8,477,38344.1,3,241.2,1244
60602,9,479,38504.8,3,241.2,1244
60603,13,,,0,0,1174
60603,12,,,0,0,1174
60603,11,,,0,0,1174
60603,10,,,0,0,1174
60607,17,9692,32753.2,20,67.6,29591
60610,25,11340,29062.8,59,151.2,39019
60610,26,11345,29075.6,59,151.2,39019
60610,27,11354,29098.6,59,151.2,39019
60610,28,11357,29106.3,59,151.2,39019
60610,29,11367,29132,59,151.2,39019
60610,30,11381,29167.8,59,151.2,39019
60612,18,10577,30826.8,109,317.7,34311
60610,17,12129,31084.9,65,166.6,39019
60605,16,8042,29223.4,16,58.1,27519
60605,17,8044,29230.7,16,58.1,27519
60612,19,10595,30879.3,109,317.7,34311
60612,20,10602,30899.7,109,317.7,34311
60612,21,10605,30908.5,109,317.7,34311
60612,22,10612,30928.9,109,317.7,34311
60612,23,10622,30958,109,317.7,34311
60612,25,10638,31004.6,109,317.7,34311
60612,37,10785,31433.1,109,317.7,34311
60612,41,10838,31587.5,109,317.7,34311
60612,43,10861,31654.6,109,317.7,34311
60612,44,10876,31698.3,109,317.7,34311
60612,45,10888,31733.3,109,317.7,34311
60612,46,10911,31800.3,109,317.7,34311
60612,47,10929,31852.8,109,317.7,34311
60612,48,10956,31931.5,109,317.7,34311
60612,49,10987,32021.8,109,317.7,34311
60612,50,11012,32094.7,109,317.7,34311
60612,51,11059,32231.6,109,317.7,34311
60616,16,12389,22747.1,143,262.6,54464
60616,17,12413,22791.2,143,262.6,54464
60616,2,11961,21961.3,140,257.1,54464
60612,17,11286,32893.2,111,323.5,34311
60615,41,10249,24659,79,190.1,41563
60615,42,10260,24685.4,79,190.1,41563
60615,43,10270,24709.5,79,190.1,41563
60615,44,10282,24738.3,79,190.1,41563
60615,17,10667,25664.7,81,194.9,41563
60616,45,12771,23448.5,144,264.4,54464
60616,51,12942,23762.5,144,264.4,54464
60616,16,13155,24153.6,149,273.6,54464
60616,17,13158,24159.1,149,273.6,54464
60617,23,20548,24896.4,255,309,82534
60619,34,15395,25131.4,240,391.8,61258
60619,35,15426,25182,240,391.8,61258
60619,36,15457,25232.6,240,391.8,61258
60620,17,17890,26271.7,307,450.8,68096
60621,37,7554,26010.6,154,530.3,29042
60621,39,7577,26089.8,154,530.3,29042
60621,40,7587,26124.2,154,530.3,29042
60621,41,7591,26138,154,530.3,29042
60621,42,7597,26158.7,154,530.3,29042
60621,43,7605,26186.2,154,530.3,29042
60621,44,7609,26200,154,530.3,29042
60621,45,7631,26275.7,154,530.3,29042
60621,46,7646,26327.4,154,530.3,29042
60621,47,7662,26382.5,154,530.3,29042
60621,48,7683,26454.8,154,530.3,29042
60621,49,7709,26544.3,154,530.3,29042
60621,50,7744,26664.8,154,530.3,29042
60624,49,8870,24531.2,117,323.6,36158
60624,50,8941,24727.6,117,323.6,36158
60624,51,8994,24874.2,117,323.6,36158
60624,52,9033,24982,118,326.3,36158
60624,17,9570,26467.2,118,326.3,36158
60624,18,9591,26525.3,118,326.3,36158
60624,23,9641,26663.5,119,329.1,36158
60624,24,9647,26680.1,119,329.1,36158
60624,25,9657,26707.8,119,329.1,36158
60624,26,9661,26718.8,119,329.1,36158
60624,27,9662,26721.6,119,329.1,36158
60621,17,7958,27401.7,157,540.6,29042
60624,32,9711,26857.1,119,329.1,36158
60624,33,9729,26906.9,119,329.1,36158
60624,34,9744,26948.4,119,329.1,36158
60624,35,9767,27012,119,329.1,36158
60624,36,9788,27070.1,119,329.1,36158
60624,37,9802,27108.8,119,329.1,36158
60624,38,9816,27147.5,119,329.1,36158
60624,39,9836,27202.8,119,329.1,36158
60624,4,9191,25419,118,326.3,36158
60624,40,9841,27216.7,119,329.1,36158
60624,41,9847,27233.3,119,329.1,36158
60624,46,9918,27429.6,119,329.1,36158
60624,47,9952,27523.6,120,331.9,36158
60624,48,9984,27612.1,120,331.9,36158
60624,49,10025,27725.5,120,331.9,36158
60624,50,10052,27800.2,120,331.9,36158
60624,51,10095,27919.1,120,331.9,36158
60626,17,14711,29581.7,218,438.4,49730
60628,19,16564,24824.7,324,485.6,66724
60628,20,16576,24842.6,324,485.6,66724
60628,21,16585,24856.1,324,485.6,66724
60628,22,16593,24868.1,325,487.1,66724
60628,23,16600,24878.6,325,487.1,66724
60628,24,16605,24886.1,325,487.1,66724
60628,25,16607,24889.1,325,487.1,66724
60628,26,16610,24893.6,325,487.1,66724
60628,27,16613,24898.1,325,487.1,66724
60628,28,16624,24914.6,325,487.1,66724
60625,17,23663,29861.3,264,333.2,79243
60628,29,16631,24925.1,325,487.1,66724
60628,31,16659,24967,325,487.1,66724
60628,32,16670,24983.5,325,487.1,66724
60628,35,16732,25076.4,325,487.1,66724
60628,36,16749,25101.9,325,487.1,66724
60628,37,16772,25136.4,325,487.1,66724
60628,38,16797,25173.9,325,487.1,66724
60628,39,16812,25196.3,325,487.1,66724
60628,40,16821,25209.8,325,487.1,66724
60628,42,16875,25290.7,325,487.1,66724
60628,43,16898,25325.2,325,487.1,66724
60628,44,16914,25349.2,325,487.1,66724
60628,45,16933,25377.7,326,488.6,66724
60628,46,16959,25416.6,326,488.6,66724
60628,47,16995,25470.6,326,488.6,66724
60628,48,17038,25535,326,488.6,66724
60628,50,17154,25708.9,326,488.6,66724
60628,16,17617,26402.8,328,491.6,66724
60629,21,28942,25875.7,342,305.8,111850
60629,17,36552,32679.5,365,326.3,111850
60632,39,26888,29534.6,266,292.2,91039
60632,40,26906,29554.4,266,292.2,91039
60632,41,26920,29569.7,266,292.2,91039
60632,42,26939,29590.6,266,292.2,91039
60634,28,25657,33761.4,257,338.2,75995
60634,29,25666,33773.3,257,338.2,75995
60634,30,25684,33797,257,338.2,75995
60634,31,25703,33822,257,338.2,75995
60634,32,25736,33865.4,257,338.2,75995
60634,33,25763,33900.9,257,338.2,75995
60634,34,25810,33962.8,257,338.2,75995
60634,35,25854,34020.7,257,338.2,75995
60634,36,25905,34087.8,257,338.2,75995
60634,37,25947,34143,257,338.2,75995
60634,38,25974,34178.6,257,338.2,75995
60634,39,26003,34216.7,257,338.2,75995
60634,40,26033,34256.2,257,338.2,75995
60634,41,26070,34304.9,257,338.2,75995
60629,23,35002,31293.7,358,320.1,111850
