date_of_interest,total_case_count,total_death_count,bx_case_count,bx_death_count,bk_case_count,bk_death_count,mn_case_count,mn_death_count,qn_case_count,qn_death_count,si_case_count,si_death_count
2020-02-29,1,0,0,0,0,0,1,0,0,0,0,0
2020-03-01,0,0,0,0,0,0,0,0,0,0,0,0
2020-03-02,0,0,0,0,0,0,0,0,0,0,0,0
2020-03-03,1,0,0,0,0,0,0,0,1,0,0,0
2020-03-04,5,0,0,0,1,0,2,0,2,0,0,0
2020-03-05,3,0,0,0,3,0,0,0,0,0,0,0
2020-03-06,8,0,2,0,1,0,3,0,1,0,1,0
2020-03-07,7,0,0,0,2,0,1,0,3,0,1,0
2020-03-08,21,0,3,0,5,0,6,0,6,0,1,0
2020-03-09,57,0,4,0,16,0,24,0,10,0,3,0
2020-03-10,69,0,8,0,11,0,24,0,24,0,2,0
2020-03-11,155,1,19,0,31,0,62,0,40,1,3,0
2020-03-12,355,0,29,0,96,0,137,0,80,0,13,0
2020-03-13,619,0,79,0,166,0,182,0,166,0,26,0
2020-03-14,642,3,86,0,163,1,176,1,194,1,23,0
2020-03-15,1034,4,119,1,432,0,205,2,231,1,47,0
2020-03-16,2121,9,305,3,740,2,457,0,528,4,91,0
2020-03-17,2451,12,343,1,783,7,567,0,650,3,108,1
2020-03-18,2971,24,482,2,965,8,538,5,835,9,150,0
2020-03-19,3706,27,623,7,1204,6,555,4,1065,6,258,4
2020-03-20,4007,49,723,13,1136,10,653,12,1185,10,310,4
2020-03-21,2639,51,491,14,554,14,399,6,947,14,248,3
2020-03-22,2580,52,495,12,755,10,317,9,696,14,317,7
2020-03-23,3570,96,730,14,909,28,530,10,1192,36,209,8
2020-03-24,4497,107,927,14,1212,28,619,19,1389,40,350,6
2020-03-25,4873,143,1068,35,1255,44,586,24,1570,36,394,4
2020-03-26,5044,229,998,45,1372,60,625,33,1644,79,405,12
2020-03-27,5119,262,1090,47,1425,87,656,47,1576,74,372,7
2020-03-28,3478,323,761,74,863,92,388,34,1201,109,265,14
2020-03-29,3560,356,699,65,1149,110,407,46,1075,115,230,20
2020-03-30,6129,414,1315,94,1754,133,802,52,1859,125,398,10
2020-03-31,5458,476,1282,117,1512,156,616,54,1811,126,237,23
2020-04-01,5448,556,1240,112,1590,169,573,74,1781,182,264,19
2020-04-02,5746,676,1289,142,1610,222,652,76,1826,200,369,36
2020-04-03,5670,676,1452,151,1440,209,671,73,1762,210,345,33
2020-04-04,3866,715,1012,150,920,233,385,89,1203,220,345,23
2020-04-05,3782,758,822,158,1144,224,356,109,1136,239,323,28
2020-04-06,6353,816,1514,154,1461,261,721,102,1927,267,730,32
2020-04-07,6044,831,1463,161,1397,264,605,122,1949,248,630,36
2020-04-08,5574,782,1304,152,1305,250,546,90,1857,247,562,43
2020-04-09,5070,767,1285,147,1369,262,558,95,1560,229,298,34
2020-04-10,4510,742,1227,159,1145,241,495,95,1342,223,301,24
2020-04-11,3732,730,998,173,1131,219,304,80,987,225,311,33
2020-04-12,2887,754,763,147,703,267,252,88,916,219,253,33
2020-04-13,3311,768,693,156,1066,249,393,88,974,242,185,33
2020-04-14,4144,659,1076,150,1038,200,440,79,1300,202,290,28
2020-04-15,3876,578,1068,128,882,164,429,78,1180,177,317,31
2020-04-16,3530,555,940,121,885,169,355,69,1139,179,211,17
2020-04-17,3586,489,916,111,962,157,330,51,1099,151,279,19
2020-04-18,2172,513,552,86,575,152,187,72,705,178,153,25
2020-04-19,2342,494,531,102,635,141,176,67,866,157,134,27
2020-04-20,3792,465,981,101,983,126,381,62,1223,154,224,22
2020-04-21,3061,426,641,90,896,123,371,60,937,137,216,16
2020-04-22,3446,399,927,86,854,130,382,55,1109,110,173,18
2020-04-23,2841,415,735,74,786,131,400,57,793,136,127,17
2020-04-24,2535,380,579,77,630,113,408,56,775,117,143,17
2020-04-25,1595,325,418,63,404,100,145,46,540,105,88,11
2020-04-26,1003,300,196,65,332,82,98,47,331,96,46,10
2020-04-27,2290,322,551,65,607,104,302,35,723,106,107,12
2020-04-28,2726,267,668,67,709,69,323,40,896,81,130,10
2020-04-29,2339,274,557,47,683,84,285,37,691,90,123,16
2020-04-30,2021,253,482,51,600,77,217,38,592,75,130,12
2020-05-01,1886,256,450,52,497,71,240,30,621,89,78,14
2020-05-02,1058,224,263,56,263,59,138,27,333,69,61,13
2020-05-03,787,210,153,33,245,57,103,38,251,66,35,16
2020-05-04,1549,195,349,41,461,53,214,30,437,59,88,12
2020-05-05,1512,169,294,28,432,57,242,20,462,52,82,12
2020-05-06,1397,182,279,38,450,53,165,20,443,63,60,8
2020-05-07,1238,159,298,32,403,54,119,25,358,42,60,6
2020-05-08,1079,155,250,29,344,48,99,18,344,55,42,5
2020-05-09,657,110,175,21,119,35,75,18,256,33,32,3
2020-05-10,457,114,75,16,188,31,95,21,85,38,14,8
2020-05-11,1231,120,226,31,410,40,192,17,376,28,27,4
2020-05-12,1285,108,355,23,400,39,163,17,314,23,53,6
2020-05-13,1333,92,461,18,362,26,156,10,307,32,47,6
2020-05-14,1111,86,256,12,332,18,149,22,332,26,42,8
2020-05-15,873,98,181,16,259,32,135,16,265,28,33,6
2020-05-16,485,100,108,27,165,33,51,12,136,26,25,2
2020-05-17,360,89,56,21,138,24,50,12,106,30,10,2
2020-05-18,894,67,187,11,266,20,128,9,275,25,38,2
2020-05-19,1002,64,182,14,326,21,165,10,287,14,42,5
2020-05-20,1077,84,278,15,323,22,164,13,256,27,56,7
2020-05-21,1069,51,199,14,336,19,145,6,311,9,78,3
2020-05-22,1036,79,264,15,350,23,153,6,237,29,32,6
2020-05-23,455,64,90,17,143,22,47,8,138,15,37,2
2020-05-24,467,54,101,13,161,14,69,7,121,15,15,5
2020-05-25,464,53,103,10,160,14,69,13,116,14,16,2
2020-05-26,1050,42,283,12,313,12,127,8,269,9,58,1
2020-05-27,740,51,184,9,241,12,107,10,165,18,43,2
2020-05-28,646,41,119,12,219,15,97,3,181,10,30,1
2020-05-29,638,51,164,9,161,18,74,6,212,14,27,4
2020-05-30,346,56,82,14,101,10,38,14,110,17,15,1
2020-05-31,230,42,30,7,84,12,25,5,79,16,12,2
2020-06-01,686,39,158,6,250,10,77,4,158,16,43,3
2020-06-02,570,45,123,8,178,9,72,8,163,18,34,2
2020-06-03,515,45,116,11,131,16,75,7,148,9,45,2
2020-06-04,517,38,127,5,127,12,86,8,148,10,29,3
2020-06-05,402,31,108,9,131,9,52,7,103,5,8,1
2020-06-06,247,36,50,12,58,12,33,1,99,11,7,0
2020-06-07,197,29,43,8,52,7,24,1,74,12,4,1
2020-06-08,447,44,96,10,111,16,75,3,146,15,19,0
2020-06-09,419,33,84,7,119,7,66,7,131,10,19,2
2020-06-10,363,39,75,12,99,14,67,1,108,10,14,2
2020-06-11,363,26,66,6,113,8,54,3,114,8,16,1
2020-06-12,409,26,80,6,122,6,58,4,131,10,18,0
2020-06-13,196,17,47,6,50,5,23,3,74,2,2,1
2020-06-14,180,22,27,7,53,6,28,2,68,5,4,2
2020-06-15,380,20,81,6,103,4,55,3,123,5,18,2
2020-06-16,419,19,80,2,132,6,67,2,120,9,20,0
2020-06-17,356,21,68,2,115,7,65,3,92,9,16,0
2020-06-18,378,16,60,1,112,5,58,4,123,5,25,1
2020-06-19,361,16,82,3,91,3,56,4,123,4,9,2
2020-06-20,203,17,53,4,46,3,44,2,54,6,6,2
2020-06-21,172,22,25,5,55,6,25,3,58,7,9,1
2020-06-22,402,18,92,2,110,5,63,1,119,8,18,2
2020-06-23,381,19,73,5,95,4,76,6,121,4,16,0
2020-06-24,381,18,90,2,101,6,73,2,103,7,14,1
2020-06-25,298,16,65,4,81,4,46,2,78,5,28,1
2020-06-26,317,18,66,3,95,4,63,6,77,4,16,1
2020-06-27,206,17,26,3,70,9,37,2,60,1,13,2
2020-06-28,201,12,35,3,57,2,41,3,57,4,11,0
2020-06-29,437,19,75,3,127,6,80,1,132,6,23,3
2020-06-30,442,11,77,2,127,2,95,2,114,5,29,0
2020-07-01,396,10,59,1,121,4,83,1,94,3,39,1
2020-07-02,416,18,76,1,127,4,79,8,117,2,17,3
2020-07-03,233,12,41,5,72,4,48,0,64,3,8,0
2020-07-04,120,6,21,1,23,3,32,1,32,0,12,1
2020-07-05,155,9,20,4,53,2,32,2,38,1,12,0
2020-07-06,431,11,68,4,142,4,76,1,117,2,28,0
2020-07-07,461,7,112,1,123,2,88,2,106,2,32,0
2020-07-08,437,16,83,5,121,3,120,2,88,4,25,2
2020-07-09,391,5,90,1,104,4,85,0,94,0,18,0
2020-07-10,307,5,65,3,90,1,48,0,91,1,13,0
2020-07-11,259,9,40,1,73,2,47,2,86,4,13,0
2020-07-12,223,7,44,1,55,3,42,0,69,3,13,0
2020-07-13,483,15,108,5,123,2,79,3,138,4,35,1
2020-07-14,403,10,70,2,111,4,82,1,121,3,19,0
2020-07-15,440,14,107,2,149,2,70,2,92,8,22,0
2020-07-16,411,6,94,1,90,1,83,1,109,3,35,0
2020-07-17,413,10,75,1,106,1,104,2,106,6,22,0
2020-07-18,216,11,54,1,58,5,36,3,49,2,19,0
2020-07-19,175,10,39,2,41,4,33,3,45,1,17,0
2020-07-20,404,10,95,2,87,3,81,3,109,2,32,0
2020-07-21,341,6,71,2,79,3,70,0,100,1,21,0
2020-07-22,328,8,79,2,95,1,58,0,76,5,20,0
2020-07-23,309,8,69,0,85,3,65,1,63,4,27,0
2020-07-24,299,5,73,1,68,1,54,0,76,2,28,1
2020-07-25,153,11,25,5,35,2,34,1,46,3,13,0
2020-07-26,140,8,30,1,40,4,18,1,33,2,19,0
2020-07-27,313,3,58,1,78,1,72,1,79,0,26,0
2020-07-28,313,13,58,5,106,1,58,2,73,4,18,1
2020-07-29,287,5,80,1,73,1,54,1,67,1,13,1
2020-07-30,274,5,58,1,99,2,44,1,61,1,12,0
2020-07-31,262,4,55,1,80,1,51,0,58,2,18,0
2020-08-01,189,7,37,2,58,4,33,0,54,1,7,0
2020-08-02,135,2,30,0,38,2,26,0,33,0,8,0
2020-08-03,348,3,96,1,93,0,56,1,84,1,19,0
2020-08-04,187,5,47,1,49,1,38,1,46,2,7,0
2020-08-05,298,6,66,0,90,1,47,2,80,3,15,0
2020-08-06,288,6,65,1,86,3,53,1,66,1,18,0
2020-08-07,255,2,53,0,90,0,49,0,57,2,6,0
2020-08-08,160,4,30,0,57,1,23,3,43,0,7,0
2020-08-09,133,3,19,1,48,0,18,0,36,2,12,0
2020-08-10,312,5,89,1,75,1,49,1,77,2,22,0
2020-08-11,263,5,70,0,82,1,42,3,51,1,18,0
2020-08-12,320,3,59,1,114,0,43,0,86,1,18,1
2020-08-13,276,4,61,1,86,3,50,0,67,0,12,0
2020-08-14,277,4,68,1,80,2,44,0,69,0,16,1
2020-08-15,151,5,42,3,33,1,25,1,42,0,9,0
2020-08-16,140,5,23,2,49,1,22,0,39,2,7,0
2020-08-17,333,5,71,0,96,1,57,1,95,2,14,1
2020-08-18,283,2,55,2,66,0,61,0,87,0,14,0
2020-08-19,257,1,50,0,69,1,51,0,69,0,18,0
2020-08-20,227,6,64,2,56,3,33,0,54,1,20,0
2020-08-21,252,5,52,0,75,1,51,1,60,3,14,0
2020-08-22,136,7,29,0,36,3,30,1,34,2,7,1
2020-08-23,150,3,32,2,55,0,16,1,40,0,7,0
2020-08-24,297,8,64,5,85,1,49,1,84,0,15,1
2020-08-25,283,3,64,1,84,2,54,0,69,0,12,0
2020-08-26,313,7,64,1,117,1,50,2,66,3,16,0
2020-08-27,274,1,53,1,99,0,48,0,61,0,13,0
2020-08-28,280,6,77,3,78,0,52,1,52,2,21,0
2020-08-29,128,4,28,1,38,1,23,2,32,0,7,0
2020-08-30,186,6,20,2,62,1,37,1,42,2,25,0
2020-08-31,315,1,46,1,118,0,52,0,77,0,22,0
2020-09-01,294,3,52,1,89,0,55,0,73,1,24,1
2020-09-02,271,5,42,0,94,3,48,1,69,1,17,0
2020-09-03,273,3,40,0,91,3,35,0,90,0,17,0
2020-09-04,229,6,44,2,70,1,30,1,59,2,26,0
2020-09-05,156,3,30,0,46,3,22,0,34,0,24,0
2020-09-06,207,6,18,2,87,1,27,1,62,2,13,0
2020-09-07,217,0,32,0,75,0,40,0,52,0,18,0
2020-09-08,393,2,81,1,126,1,58,0,98,0,30,0
2020-09-09,353,2,56,1,119,0,71,0,82,1,25,0
2020-09-10,323,4,45,1,124,2,57,0,70,1,27,0
2020-09-11,313,6,55,3,111,2,54,0,77,1,16,0
2020-09-12,202,4,35,1,51,0,36,0,61,3,19,0
2020-09-13,263,3,19,0,118,2,45,0,68,1,13,0
2020-09-14,461,5,75,1,178,2,77,0,105,2,26,0
2020-09-15,414,5,62,2,189,0,64,1,81,2,18,0
2020-09-16,456,6,60,1,200,0,84,1,94,3,18,1
2020-09-17,441,3,61,1,163,1,88,0,104,1,25,0
2020-09-18,292,3,45,1,108,2,46,0,69,0,24,0
2020-09-19,218,5,30,1,67,2,48,1,60,1,13,0
2020-09-20,220,5,32,0,78,3,46,1,43,1,21,0
2020-09-21,558,3,73,1,264,1,75,1,122,0,24,0
2020-09-22,497,4,67,0,209,4,88,0,107,0,26,0
2020-09-23,612,5,89,1,271,1,100,2,115,0,37,1
2020-09-24,542,3,71,0,263,0,82,3,100,0,26,0
2020-09-25,463,5,49,2,192,1,69,1,125,1,28,0
2020-09-26,280,5,42,3,109,1,35,0,61,1,33,0
2020-09-27,382,4,32,0,181,2,35,2,106,0,28,0
2020-09-28,437,5,82,1,139,2,58,0,110,2,47,0
2020-09-29,723,6,65,2,355,2,95,0,175,2,33,0
2020-09-30,606,8,52,2,284,4,93,1,136,0,41,1
2020-10-01,705,7,82,0,332,3,120,0,145,4,26,0
2020-10-02,605,3,80,0,271,1,78,0,140,2,36,0
2020-10-03,299,6,34,1,93,2,57,0,98,2,17,1
2020-10-04,335,7,34,0,162,3,29,0,84,3,26,1
2020-10-05,766,0,94,0,355,0,84,0,196,0,37,0
2020-10-06,571,4,67,0,251,3,79,0,145,1,29,0
2020-10-07,541,4,75,1,223,1,74,1,132,1,37,0
2020-10-08,526,6,83,0,218,4,80,0,112,2,33,0
2020-10-09,524,2,92,1,184,0,74,0,143,1,31,0
2020-10-10,314,4,36,1,96,0,46,0,99,2,36,1
2020-10-11,281,7,38,2,115,2,29,2,85,1,14,0
2020-10-12,515,8,53,1,223,1,85,4,116,1,37,1
2020-10-13,588,5,91,0,224,3,100,0,128,2,45,0
2020-10-14,583,8,89,2,215,4,86,0,159,1,33,1
2020-10-15,603,9,91,1,239,2,90,2,143,4,40,0
2020-10-16,504,7,78,1,163,3,91,1,133,1,38,1
2020-10-17,366,5,64,1,91,3,61,0,110,1,39,0
2020-10-18,412,4,45,2,172,1,39,0,123,0,33,1
2020-10-19,626,8,107,0,204,7,101,0,178,0,36,1
2020-10-20,601,5,91,0,214,2,104,0,154,3,38,0
2020-10-21,654,6,96,0,203,3,118,1,188,1,49,1
2020-10-22,759,3,122,0,242,2,137,0,182,1,76,0
2020-10-23,601,5,115,1,199,0,78,2,161,1,48,1
2020-10-24,386,2,73,0,120,1,58,0,103,1,32,0
2020-10-25,362,10,67,2,128,4,48,2,87,1,32,1
2020-10-26,695,6,132,0,221,3,118,1,154,2,69,0
2020-10-27,742,9,119,3,237,3,129,2,180,1,76,0
2020-10-28,782,5,124,0,231,3,135,0,202,1,90,1
2020-10-29,621,4,100,0,192,2,117,1,156,1,56,0
2020-10-30,654,10,115,1,192,4,102,2,168,1,77,2
2020-10-31,403,4,65,0,117,2,52,0,117,2,52,0
2020-11-01,501,12,57,0,231,9,66,0,102,2,45,1
2020-11-02,953,9,159,0,337,7,144,1,220,1,93,0
2020-11-03,903,16,153,3,319,8,158,2,181,3,92,0
2020-11-04,1113,9,187,0,312,7,199,0,277,1,138,1
2020-11-05,1139,10,198,4,312,4,212,0,306,2,111,0
2020-11-06,1037,11,192,4,238,2,179,0,297,4,131,1
2020-11-07,845,13,134,1,224,5,148,2,250,4,89,1
2020-11-08,788,9,106,2,224,4,133,0,226,2,99,1
2020-11-09,1545,6,240,0,418,1,268,1,417,4,202,0
2020-11-10,1598,7,274,2,459,2,311,2,408,1,146,0
2020-11-11,1539,9,239,1,394,2,290,3,447,2,169,1
2020-11-12,1502,16,248,4,383,6,300,2,406,2,165,2
2020-11-13,1494,6,272,1,356,2,263,1,430,1,173,1
2020-11-14,1025,11,193,2,238,6,159,1,324,1,111,1
2020-11-15,896,14,135,2,232,6,134,1,243,1,152,4
2020-11-16,1832,8,314,0,496,1,332,4,503,1,187,2
2020-11-17,1730,10,337,1,493,3,288,0,422,4,190,2
2020-11-18,1753,12,307,0,467,4,336,0,446,6,197,2
2020-11-19,1857,10,362,1,491,6,347,1,457,2,200,0
2020-11-20,1773,9,328,2,435,3,328,1,458,2,224,1
2020-11-21,1290,11,254,1,354,3,196,3,325,0,161,4
2020-11-22,1148,12,183,5,340,1,159,0,287,5,178,1
2020-11-23,2317,14,437,1,575,7,411,1,605,4,289,1
2020-11-24,2074,18,376,3,553,2,372,6,535,4,238,3
2020-11-25,2370,12,425,2,632,4,384,1,634,1,295,4
2020-11-26,817,10,137,1,246,4,138,3,204,0,92,2
2020-11-27,2299,16,387,1,603,4,386,2,650,4,273,5
2020-11-28,1840,14,334,5,453,3,329,3,509,2,215,1
2020-11-29,1891,15,244,3,562,3,299,1,506,4,280,4
2020-11-30,2895,20,460,5,899,4,424,1,734,7,378,3
2020-12-01,3308,24,589,2,948,4,551,3,858,5,362,10
2020-12-02,3130,26,540,4,861,10,502,2,843,6,384,4
2020-12-03,2945,20,523,0,847,4,455,9,783,4,337,3
2020-12-04,2817,28,562,5,768,7,402,2,757,7,328,7
2020-12-05,1887,26,325,4,506,7,210,2,597,9,249,4
2020-12-06,1753,22,249,2,556,4,216,2,517,11,215,3
2020-12-07,3304,21,554,2,965,8,449,2,966,7,370,2
2020-12-08,3060,23,496,4,923,9,450,1,900,5,291,4
2020-12-09,3105,29,528,5,913,10,495,2,851,8,318,4
2020-12-10,3149,28,571,8,940,3,463,6,897,9,277,2
2020-12-11,2977,31,501,4,836,8,492,2,880,10,266,7
2020-12-12,2206,34,392,5,600,9,297,3,699,9,218,8
2020-12-13,2177,32,311,5,645,6,297,9,676,5,248,7
2020-12-14,3582,30,614,4,1111,6,501,3,1005,13,350,4
2020-12-15,3681,34,634,2,1065,12,551,4,1092,9,339,7
2020-12-16,2788,42,445,8,842,18,454,3,811,9,236,4
2020-12-17,1927,39,266,7,649,9,336,7,489,11,187,5
2020-12-18,3427,41,619,7,1024,14,521,3,928,12,335,5
2020-12-19,2557,33,405,5,764,12,331,4,797,8,260,4
2020-12-20,2346,34,292,5,768,6,295,7,698,7,293,9
2020-12-21,4339,46,717,5,1307,8,598,12,1288,18,429,3
2020-12-22,4104,55,732,8,1252,15,549,8,1207,14,364,10
2020-12-23,3843,42,635,8,1100,15,525,7,1184,7,399,5
2020-12-24,3016,43,503,6,965,10,433,5,874,17,241,5
2020-12-25,1046,40,154,5,345,14,153,6,298,8,96,7
2020-12-26,3454,39,537,8,1024,11,427,7,1072,11,393,2
2020-12-27,2888,48,480,4,915,16,314,10,867,9,312,9
2020-12-28,5392,45,1020,9,1601,13,679,4,1531,12,561,7
2020-12-29,5206,53,993,9,1414,16,613,9,1602,10,584,9
2020-12-30,4983,45,967,4,1398,18,661,5,1491,12,465,6
2020-12-31,3390,42,664,4,936,22,396,3,1007,11,387,2
2021-01-01,1340,41,206,11,415,19,163,3,434,5,122,3
2021-01-02,4200,62,723,13,1107,20,519,5,1341,16,509,8
2021-01-03,3464,43,512,9,1065,12,396,5,1092,12,399,5
2021-01-04,6609,65,1257,10,1896,26,917,6,1880,15,658,8
2021-01-05,6153,73,1166,13,1759,23,890,11,1819,21,517,5
2021-01-06,5692,66,1109,16,1608,19,760,2,1687,23,525,6
2021-01-07,5449,56,982,4,1642,18,799,14,1573,13,452,7
2021-01-08,5305,64,985,9,1455,16,780,10,1603,21,481,8
2021-01-09,3693,73,677,15,1009,23,447,11,1189,20,371,4
2021-01-10,3197,56,461,10,1008,18,366,3,1019,21,343,4
2021-01-11,5921,61,1144,8,1755,13,845,6,1705,32,469,2
2021-01-12,5241,78,999,9,1616,33,671,10,1540,21,415,5
2021-01-13,5184,72,1045,5,1534,23,697,6,1530,32,377,6
2021-01-14,5264,70,996,7,1560,24,748,7,1539,26,419,6
2021-01-15,4845,69,932,12,1400,11,663,14,1494,22,355,10
2021-01-16,3481,71,607,14,1073,22,444,5,1060,28,297,2
2021-01-17,2919,59,502,7,903,27,395,6,863,17,256,2
2021-01-18,4646,79,769,17,1462,25,601,8,1435,22,379,7
2021-01-19,5140,88,1085,11,1476,31,723,11,1518,28,337,7
2021-01-20,4909,80,1038,8,1352,29,727,10,1440,26,352,7
2021-01-21,4942,69,962,13,1406,23,723,13,1501,16,350,4
2021-01-22,4715,87,1062,12,1324,37,707,9,1291,25,330,4
2021-01-23,3462,85,682,12,1013,32,500,10,1022,21,245,10
2021-01-24,2927,74,507,9,905,24,413,9,923,24,179,8
2021-01-25,5808,71,1173,10,1762,20,876,12,1631,21,365,8
2021-01-26,4861,86,1003,11,1420,33,764,12,1388,28,285,2
2021-01-27,5003,95,991,12,1503,31,822,23,1407,24,279,5
2021-01-28,4778,90,953,21,1431,17,755,18,1367,27,270,7
2021-01-29,3667,90,732,18,1096,28,529,10,1074,28,234,6
2021-01-30,2875,84,557,16,873,28,359,9,922,27,164,4
2021-01-31,2894,76,547,8,884,27,334,9,911,26,218,6
2021-02-01,977,66,169,12,342,22,189,5,234,24,43,3
2021-02-02,2660,82,434,14,873,30,441,8,770,24,142,6
2021-02-03,5144,80,1093,15,1505,20,822,14,1403,24,321,7
2021-02-04,4831,97,1071,21,1372,30,705,15,1398,28,285,3
2021-02-05,4161,85,953,14,1247,33,537,12,1182,22,242,4
2021-02-06,3080,81,719,12,900,27,389,10,892,25,180,7
2021-02-07,1645,80,324,20,567,21,202,14,453,22,99,3
2021-02-08,4431,86,972,19,1345,24,610,17,1237,21,267,5
2021-02-09,3723,71,873,9,1083,25,518,13,1004,21,245,3
2021-02-10,3777,81,868,21,1061,20,569,9,1005,26,274,5
2021-02-11,3411,99,723,22,931,31,548,14,977,27,228,5
2021-02-12,3315,83,726,13,934,29,494,9,929,27,231,5
2021-02-13,2209,87,420,14,671,27,276,15,707,26,135,5
2021-02-14,1898,83,371,13,587,29,245,17,580,21,115,3
2021-02-15,2860,85,527,16,859,30,366,13,873,22,234,4
2021-02-16,3722,86,787,17,1109,33,611,6,1024,27,190,3
2021-02-17,3434,85,771,26,1005,24,540,7,922,25,196,3
2021-02-18,2049,58,384,8,591,22,410,8,554,18,110,2
2021-02-19,3007,58,608,9,854,17,462,11,856,20,227,1
2021-02-20,2495,75,510,24,681,19,347,9,785,16,172,7
2021-02-21,2286,62,359,19,792,15,318,5,666,20,151,3
2021-02-22,3624,73,751,12,1117,27,547,10,981,19,228,5
2021-02-23,3473,80,731,19,1073,22,533,12,934,24,201,3
2021-02-24,3464,82,713,14,1023,24,568,19,943,17,217,8
2021-02-25,3474,80,715,18,1026,25,513,12,957,22,263,3
2021-02-26,3241,77,676,13,943,15,517,19,889,25,216,5
2021-02-27,2018,67,376,8,625,28,248,8,631,21,138,2
2021-02-28,2037,72,329,12,733,24,252,11,573,23,150,2
2021-03-01,3727,65,731,5,1174,22,531,8,1030,24,261,6
2021-03-02,3108,55,562,11,936,15,495,6,860,18,255,5
2021-03-03,3242,74,637,20,956,16,521,16,861,18,267,4
2021-03-04,3118,65,574,11,938,15,496,11,859,23,250,5
2021-03-05,2886,53,554,7,887,18,403,11,806,12,236,5
2021-03-06,2043,56,330,13,594,13,259,12,688,15,172,3
2021-03-07,1876,61,291,10,595,22,238,9,605,17,147,3
2021-03-08,3401,71,624,14,1109,18,491,12,918,20,259,7
2021-03-09,3341,72,581,18,1085,18,527,11,915,24,233,1
2021-03-10,3204,65,562,17,957,19,518,7,908,18,259,4
2021-03-11,3104,58,544,13,963,20,464,7,920,13,213,5
2021-03-12,3203,74,572,15,937,26,486,14,964,18,244,1
2021-03-13,2174,65,331,12,627,22,284,8,755,18,177,5
2021-03-14,1928,43,249,9,644,16,224,5,662,12,149,1
2021-03-15,3394,47,564,6,1062,17,449,13,1093,7,226,4
2021-03-16,3194,66,570,15,986,19,491,8,934,19,213,5
2021-03-17,3172,47,517,8,940,9,506,12,942,14,267,4
2021-03-18,2922,61,499,13,857,17,446,11,888,17,232,3
2021-03-19,3038,48,546,10,901,10,429,10,895,15,267,3
2021-03-20,2160,51,334,4,660,17,270,9,736,16,160,5
2021-03-21,2093,50,294,7,710,12,234,9,681,19,174,3
2021-03-22,3881,56,654,15,1215,20,579,7,1115,11,317,3
2021-03-23,3251,54,566,8,1023,16,471,10,938,16,253,4
2021-03-24,3444,44,570,5,1049,15,526,4,1011,16,288,4
2021-03-25,3799,72,638,13,1147,24,587,11,1131,21,296,3
2021-03-26,3413,66,568,12,1000,24,494,5,1042,19,309,6
2021-03-27,2218,59,363,15,631,19,268,12,741,11,215,2
2021-03-28,1749,57,254,10,574,15,224,7,545,19,152,6
2021-03-29,3558,52,626,17,1043,12,485,6,1093,16,311,1
2021-03-30,3186,46,593,7,938,17,472,2,936,18,247,2
2021-03-31,3185,65,508,7,959,25,517,9,940,18,261,6
2021-04-01,2865,59,502,14,860,18,445,7,831,17,226,3
2021-04-02,2623,53,361,8,846,24,381,5,812,14,221,2
2021-04-03,2049,50,313,8,639,19,233,6,663,17,201,0
2021-04-04,1461,48,191,10,495,13,180,7,454,15,141,3
2021-04-05,3270,56,505,14,1040,12,466,7,975,18,284,5
2021-04-06,3002,49,499,9,931,15,463,5,863,15,245,5
2021-04-07,2764,45,467,5,868,11,412,7,789,15,227,7
2021-04-08,2575,55,417,14,812,21,322,7,788,10,236,3
2021-04-09,2464,57,355,8,802,27,321,9,733,12,253,1
2021-04-10,1723,51,231,6,564,15,196,6,583,21,149,3
2021-04-11,1312,57,177,6,461,22,148,9,397,18,129,2
2021-04-12,2537,43,404,7,853,17,332,5,743,13,205,1
2021-04-13,2364,38,385,5,774,13,344,5,692,13,167,2
2021-04-14,2240,36,350,7,721,11,319,7,636,10,214,1
2021-04-15,2016,43,353,7,640,11,283,9,561,11,179,5
2021-04-16,1828,35,258,2,594,15,227,4,564,12,184,2
2021-04-17,1275,35,209,4,411,17,129,5,411,8,115,1
2021-04-18,1049,37,164,3,357,18,127,7,296,7,105,2
2021-04-19,1887,43,288,5,642,16,231,5,543,12,182,4
2021-04-20,1606,35,286,4,518,15,222,2,433,12,146,2
2021-04-21,1423,36,209,2,513,12,181,4,388,18,132,0
2021-04-22,1359,42,226,5,489,17,142,4,375,12,127,4
2021-04-23,1287,47,217,12,438,11,129,6,369,16,134,2
2021-04-24,852,30,125,3,306,11,87,6,255,9,79,1
2021-04-25,755,26,95,5,270,6,75,3,246,10,69,2
2021-04-26,1366,30,226,5,498,15,167,2,357,7,117,1
2021-04-27,1139,34,204,5,392,11,145,5,301,11,97,2
2021-04-28,1208,33,190,5,418,13,129,4,362,11,109,0
2021-04-29,1052,33,154,7,391,8,150,3,267,13,90,2
2021-04-30,950,39,171,5,322,15,103,5,274,11,80,3
2021-05-01,578,33,86,4,190,12,63,5,181,10,58,2
2021-05-02,567,29,73,1,220,13,49,3,165,10,60,2
2021-05-03,935,24,151,4,316,7,127,4,268,5,72,4
2021-05-04,874,25,155,4,297,8,102,1,239,6,81,6
2021-05-05,775,27,141,8,242,8,107,4,222,6,61,1
2021-05-06,782,29,133,3,266,10,100,6,229,8,54,2
2021-05-07,715,35,137,4,225,10,80,3,193,14,80,4
2021-05-08,384,24,61,1,121,12,41,4,123,5,38,2
2021-05-09,343,28,53,7,106,9,48,3,110,8,26,1
2021-05-10,655,26,130,6,208,8,89,3,178,8,50,1
2021-05-11,627,22,90,2,215,6,70,7,188,4,64,3
2021-05-12,594,19,109,1,196,9,68,2,154,5,66,2
2021-05-13,506,24,93,4,146,8,75,3,144,8,48,1
2021-05-14,487,28,77,5,145,9,58,3,160,10,46,1
2021-05-15,292,12,46,4,94,3,33,1,99,4,20,0
2021-05-16,279,17,48,1,99,7,31,3,83,5,18,1
2021-05-17,453,16,79,4,151,7,71,0,115,5,37,0
2021-05-18,415,14,71,2,138,5,60,3,102,4,44,0
2021-05-19,377,13,74,4,129,7,41,1,106,1,27,0
2021-05-20,397,15,67,2,134,6,51,4,111,0,33,3
2021-05-21,349,13,54,2,115,5,48,2,105,3,27,1
2021-05-22,233,17,35,0,81,5,28,2,68,8,21,2
2021-05-23,186,10,29,2,63,3,17,0,54,3,23,2
2021-05-24,355,11,57,0,105,7,51,1,95,3,47,0
2021-05-25,305,7,48,3,102,1,37,0,81,3,37,0
2021-05-26,249,4,44,0,81,1,40,1,74,1,10,1
2021-05-27,257,9,56,1,62,3,39,2,67,1,33,2
2021-05-28,210,12,36,1,67,3,23,2,66,3,18,3
2021-05-29,126,9,22,1,32,3,23,0,40,5,9,0
2021-05-30,118,8,25,2,34,5,16,0,29,1,14,0
2021-05-31,118,12,15,3,35,2,20,3,38,4,10,0
2021-06-01,289,12,72,1,59,8,52,2,76,1,30,0
2021-06-02,244,11,52,1,70,4,33,1,68,5,21,0
2021-06-03,206,10,45,0,62,4,24,1,61,3,14,2
2021-06-04,225,8,57,1,66,3,34,1,43,3,25,0
2021-06-05,143,6,41,0,44,3,17,0,29,2,12,1
2021-06-06,130,5,24,1,35,2,23,1,33,1,15,0
2021-06-07,222,6,57,2,64,0,32,0,46,4,19,0
2021-06-08,175,11,38,0,54,3,27,1,39,5,17,2
2021-06-09,210,9,56,1,57,5,40,0,40,3,17,0
2021-06-10,156,6,33,1,46,1,30,1,35,3,12,0
2021-06-11,187,9,40,2,42,2,38,1,52,4,15,0
2021-06-12,121,4,25,2,28,1,14,1,39,0,15,0
2021-06-13,114,6,18,2,35,1,19,2,30,1,12,0
2021-06-14,179,8,35,1,54,4,29,1,49,1,12,1
2021-06-15,179,7,30,0,37,3,36,2,57,1,19,1
2021-06-16,172,7,29,1,46,2,30,4,41,0,26,0
2021-06-17,187,10,36,3,51,4,26,2,51,1,23,0
2021-06-18,160,8,19,1,59,3,15,1,47,1,20,2
2021-06-19,107,11,18,0,29,3,22,1,24,5,14,2
2021-06-20,95,5,15,0,33,4,14,0,24,1,9,0
2021-06-21,168,3,27,1,40,0,25,0,50,2,26,0
2021-06-22,171,8,22,1,50,2,33,2,49,3,17,0
2021-06-23,187,5,27,1,48,1,39,0,48,3,24,0
2021-06-24,175,5,18,1,51,3,30,0,47,1,29,0
2021-06-25,180,5,12,1,61,2,28,1,55,0,24,1
2021-06-26,118,3,11,0,37,2,15,1,31,0,24,0
2021-06-27,109,1,17,0,28,0,19,0,23,1,22,0
2021-06-28,206,6,29,0,49,1,45,1,53,2,30,2
2021-06-29,212,4,32,1,52,2,42,0,51,1,35,0
2021-06-30,226,4,30,0,75,2,43,1,51,1,27,0
2021-07-01,204,4,27,0,63,2,29,0,52,2,33,0
2021-07-02,233,7,33,1,60,1,61,1,58,4,21,0
2021-07-03,146,6,18,1,41,2,29,1,33,2,25,0
2021-07-04,124,3,14,0,32,2,25,0,34,1,19,0
2021-07-05,187,2,20,1,62,0,32,0,53,1,20,0
2021-07-06,364,3,48,2,125,1,77,0,80,0,32,0
2021-07-07,402,2,49,2,147,0,72,0,88,0,44,0
2021-07-08,369,2,50,1,110,0,80,1,81,0,46,0
2021-07-09,371,2,56,0,111,1,84,0,88,0,32,1
2021-07-10,238,2,37,0,63,1,49,0,59,1,30,0
2021-07-11,272,4,33,1,79,2,53,0,78,0,25,1
2021-07-12,477,6,69,1,176,0,86,0,110,5,35,0
2021-07-13,457,3,43,2,152,1,101,0,97,0,64,0
2021-07-14,549,2,59,0,185,2,143,0,115,0,46,0
2021-07-15,552,5,71,0,171,1,128,0,128,3,54,1
2021-07-16,557,5,73,0,183,0,121,2,117,2,61,1
2021-07-17,340,7,59,3,109,0,60,1,77,3,35,0
2021-07-18,395,3,36,1,141,1,83,0,106,1,29,0
2021-07-19,813,4,110,0,276,3,176,0,171,1,78,0
2021-07-20,708,4,94,1,231,2,162,0,146,1,74,0
2021-07-21,893,2,128,0,307,0,198,0,197,1,63,1
2021-07-22,977,3,136,0,327,0,226,1,196,1,88,1
2021-07-23,916,4,126,0,319,1,200,2,214,1,55,0
2021-07-24,552,2,58,0,188,2,111,0,141,0,54,0
2021-07-25,635,4,68,0,214,0,118,1,168,1,67,2
2021-07-26,1223,2,155,0,420,0,261,1,273,0,113,1
2021-07-27,1200,5,141,1,406,1,253,1,296,1,103,1
2021-07-28,1244,6,188,2,385,1,275,2,286,1,108,0
2021-07-29,1289,7,173,0,444,1,234,2,318,4,119,0
2021-07-30,1279,9,160,1,427,4,251,2,318,2,123,0
2021-07-31,849,5,126,0,263,4,152,1,214,0,94,0
2021-08-01,830,12,92,0,294,2,151,2,220,5,73,3
2021-08-02,1569,4,237,0,518,2,303,1,388,1,122,0
2021-08-03,1583,2,232,1,489,0,344,1,364,0,153,0
2021-08-04,1612,8,214,1,521,5,329,0,382,1,165,1
2021-08-05,1525,7,208,1,516,2,322,1,365,2,114,1
2021-08-06,1577,12,210,0,520,5,286,4,418,2,141,1
2021-08-07,1148,14,179,2,372,5,179,2,293,3,125,2
2021-08-08,1072,6,156,1,321,2,162,0,301,1,131,2
2021-08-09,1892,10,290,0,626,3,308,3,494,4,173,0
2021-08-10,1667,6,265,0,537,4,306,1,407,0,152,1
2021-08-11,1752,10,262,2,545,2,354,3,438,3,151,0
2021-08-12,1757,6,232,2,577,1,324,3,451,0,172,0
2021-08-13,1599,9,266,2,499,3,294,1,394,3,144,0
2021-08-14,1049,10,146,1,348,4,206,1,253,3,96,1
2021-08-15,1143,7,141,1,419,3,198,1,304,1,81,1
2021-08-16,1929,6,329,1,627,2,352,1,478,0,143,2
2021-08-17,1741,16,296,6,594,3,300,2,417,4,133,1
2021-08-18,1814,14,273,1,555,4,362,0,460,6,163,3
2021-08-19,1692,14,264,2,543,7,324,1,419,2,136,2
2021-08-20,1559,7,284,0,505,4,296,0,347,3,125,0
2021-08-21,1090,16,180,1,337,7,183,1,272,7,118,0
2021-08-22,718,11,104,3,276,6,98,0,156,0,84,2
2021-08-23,1951,12,288,1,642,5,368,0,492,5,161,1
2021-08-24,1837,11,300,2,613,4,349,1,405,2,168,2
2021-08-25,1784,8,286,3,568,4,371,1,385,0,170,0
2021-08-26,1643,15,252,3,525,5,325,2,388,2,150,3
2021-08-27,1448,11,242,0,462,5,266,2,345,4,133,0
2021-08-28,988,14,173,1,296,7,154,1,252,4,112,1
2021-08-29,989,14,138,2,341,8,162,0,257,3,91,1
2021-08-30,1835,14,304,1,582,5,373,1,392,6,182,1
2021-08-31,1622,11,260,1,530,4,304,2,326,2,202,2
2021-09-01,1556,13,222,3,487,2,349,2,359,6,139,0
2021-09-02,1430,13,211,2,477,5,263,3,304,3,174,0
2021-09-03,1421,8,216,3,428,3,248,1,331,0,197,1
2021-09-04,905,14,126,4,255,4,154,1,260,3,110,2
2021-09-05,954,15,138,3,334,4,158,3,214,4,110,1
2021-09-06,942,17,163,5,274,7,181,0,226,4,98,1
2021-09-07,1570,7,285,4,433,2,307,0,372,1,171,0
2021-09-08,1592,20,234,1,465,8,371,3,390,6,131,2
2021-09-09,1713,19,241,3,630,4,313,3,400,8,129,1
2021-09-10,1548,15,232,2,504,6,302,1,378,6,131,0
2021-09-11,1037,15,139,1,335,8,171,0,287,5,104,1
2021-09-12,1212,11,127,3,504,2,222,2,257,3,102,1
2021-09-13,1739,13,223,4,633,4,369,1,391,2,122,2
2021-09-14,1641,9,201,1,608,6,311,1,372,1,147,0
2021-09-15,1609,10,234,0,549,5,320,0,351,4,153,1
2021-09-16,1387,12,193,2,451,3,284,2,322,4,135,1
2021-09-17,1524,11,174,2,559,6,322,1,365,1,104,1
2021-09-18,956,11,107,2,357,1,138,1,264,7,89,0
2021-09-19,1058,17,140,2,464,9,162,1,213,5,79,0
2021-09-20,1636,15,243,2,543,7,295,2,403,3,150,1
2021-09-21,1302,14,201,1,397,4,284,2,324,7,95,0
2021-09-22,1415,16,205,2,509,6,280,1,307,5,111,2
2021-09-23,1290,11,139,2,511,2,223,1,324,5,90,1
2021-09-24,1222,10,156,5,452,3,238,0,295,2,80,0
2021-09-25,814,16,100,3,309,6,131,1,191,5,82,1
2021-09-26,856,15,97,3,333,5,139,0,201,3,86,4
2021-09-27,1363,17,185,5,517,4,254,3,296,5,110,0
2021-09-28,1117,14,158,2,355,6,211,2,296,4,97,0
2021-09-29,1096,15,149,1,369,3,211,1,269,8,96,2
2021-09-30,1126,8,150,0,454,3,200,0,239,4,82,1
2021-10-01,1086,8,134,1,407,2,213,1,256,3,76,1
2021-10-02,678,12,75,2,279,4,121,0,155,6,48,0
2021-10-03,907,12,67,3,458,4,95,3,217,2,69,0
2021-10-04,1272,13,158,5,512,3,221,1,293,3,88,1
2021-10-05,1270,6,167,1,507,1,224,0,267,3,105,1
2021-10-06,1146,18,137,5,487,7,219,2,229,2,74,2
2021-10-07,1080,13,121,3,407,2,181,3,272,4,98,1
2021-10-08,1011,16,126,0,450,8,167,2,190,5,77,1
2021-10-09,610,8,67,0,250,3,95,1,143,4,55,0
2021-10-10,687,17,62,1,308,5,94,3,150,4,72,4
2021-10-11,935,9,108,1,363,1,173,0,224,6,67,1
2021-10-12,1147,4,129,0,465,1,201,0,239,2,112,1
2021-10-13,1110,9,122,1,409,2,227,0,237,5,114,1
2021-10-14,1024,8,109,0,426,2,174,1,203,4,111,1
2021-10-15,884,9,110,2,322,3,164,0,207,4,81,0
2021-10-16,488,6,56,0,194,4,55,0,136,1,47,1
2021-10-17,586,11,49,2,260,4,80,1,131,4,66,0
2021-10-18,872,13,108,2,362,6,142,1,179,3,80,1
2021-10-19,796,11,93,1,313,3,136,3,171,3,83,1
2021-10-20,797,7,96,1,294,3,157,1,175,2,75,0
2021-10-21,810,15,85,2,341,5,131,1,166,6,87,1
2021-10-22,693,10,86,2,260,2,131,1,139,3,76,2
2021-10-23,451,10,55,1,162,4,94,0,79,5,61,0
2021-10-24,444,14,37,3,198,4,68,0,83,4,57,3
2021-10-25,898,9,94,2,364,5,169,0,187,2,82,0
2021-10-26,594,7,63,2,237,2,100,1,125,2,69,0
2021-10-27,759,10,100,0,288,6,146,1,154,3,71,0
2021-10-28,737,7,82,1,311,2,121,1,145,2,77,1
2021-10-29,641,4,87,1,230,0,123,1,145,2,56,0
2021-10-30,400,10,41,0,158,2,61,4,101,4,39,0
2021-10-31,446,7,47,0,199,0,59,1,109,5,32,1
2021-11-01,780,4,74,0,314,2,141,1,195,1,56,0
2021-11-02,806,10,79,1,302,4,173,0,191,2,60,3
2021-11-03,824,6,75,1,299,1,181,1,202,3,66,0
2021-11-04,906,4,108,0,349,3,208,0,187,0,53,1
2021-11-05,768,6,90,1,290,4,147,0,186,1,54,0
2021-11-06,506,12,57,1,197,2,74,0,136,5,42,4
2021-11-07,543,8,46,0,206,3,104,1,135,2,52,2
2021-11-08,1135,8,140,2,401,1,230,1,270,3,93,1
2021-11-09,1037,12,100,3,358,5,243,0,246,2,90,2
2021-11-10,1047,6,122,0,363,2,235,1,256,2,68,1
2021-11-11,874,6,90,1,345,4,167,0,225,1,46,0
2021-11-12,1028,16,109,3,372,6,201,1,256,3,89,3
2021-11-13,613,8,65,2,240,5,105,0,153,0,50,1
2021-11-14,689,5,47,2,259,1,142,0,170,1,70,1
2021-11-15,1264,12,136,2,427,4,254,2,321,3,126,1
2021-11-16,1272,10,151,2,430,1,286,1,303,4,100,2
2021-11-17,1329,7,163,1,432,1,281,2,353,2,100,1
2021-11-18,1310,7,172,1,428,3,297,0,318,3,95,0
2021-11-19,1184,8,114,1,353,2,268,1,330,4,119,0
2021-11-20,827,10,71,2,279,3,143,1,253,4,81,0
2021-11-21,841,4,74,1,294,1,149,0,233,2,91,0
2021-11-22,1529,8,152,0,517,4,297,0,414,3,148,1
2021-11-23,1380,6,144,1,482,4,286,0,353,1,114,0
2021-11-24,1417,15,160,2,461,8,255,1,386,2,155,2
2021-11-25,531,7,35,0,189,2,103,0,148,3,56,2
2021-11-26,1172,12,143,1,364,3,198,1,352,5,114,2
2021-11-27,972,9,100,1,302,3,157,1,307,2,105,2
2021-11-28,1060,10,89,2,318,2,191,0,333,6,128,0
2021-11-29,2326,11,286,1,661,5,455,2,684,3,238,0
2021-11-30,2007,6,278,0,577,3,395,0,574,2,180,1
2021-12-01,2180,19,279,5,700,8,395,0,584,4,220,2
2021-12-02,2108,15,307,3,628,7,396,1,561,3,214,1
2021-12-03,1894,13,241,1,579,7,319,1,554,2,200,2
2021-12-04,1321,12,172,2,382,6,187,1,411,3,169,0
2021-12-05,1405,14,122,0,463,6,238,4,419,4,162,0
2021-12-06,2797,10,365,2,849,5,580,1,748,2,253,0
2021-12-07,2923,17,333,5,896,6,676,0,745,3,268,3
2021-12-08,3136,8,339,2,982,2,808,0,738,4,263,0
2021-12-09,3023,11,354,4,911,3,734,1,748,3,269,0
2021-12-10,3084,17,345,2,980,8,728,1,775,6,253,0
2021-12-11,2159,9,267,1,619,1,484,4,591,3,193,0
2021-12-12,2795,18,258,5,870,8,790,0,661,4,213,1
2021-12-13,7529,21,744,1,2390,6,2375,2,1575,9,440,2
2021-12-14,10881,20,925,1,3420,7,4091,3,1942,6,498,3
2021-12-15,13167,11,1093,6,4122,1,4932,2,2407,1,607,1
2021-12-16,13868,12,1329,2,4516,4,4789,3,2618,1,610,2
2021-12-17,13554,23,1509,2,4277,12,4281,3,2767,5,711,1
2021-12-18,9946,19,1059,2,3243,7,2696,4,2329,5,613,1
2021-12-19,10568,27,1072,4,3441,12,2716,4,2634,6,696,1
2021-12-20,27949,13,3654,1,8930,9,7902,3,5987,0,1457,0
2021-12-21,30413,11,4587,2,9450,1,7070,2,7465,4,1824,2
2021-12-22,31408,32,5507,4,9453,14,6313,2,8164,11,1965,1
2021-12-23,31841,23,5376,3,9610,5,6320,4,8572,7,1952,4
2021-12-24,17498,44,2948,10,5579,19,3080,1,4886,12,1000,2
2021-12-25,7803,38,1420,7,2345,10,1413,6,2164,10,457,5
2021-12-26,23004,35,3723,4,7213,11,3613,4,6585,13,1866,3
2021-12-27,51301,37,9814,8,15038,11,8479,5,14240,12,3720,1
2021-12-28,49753,39,9863,7,14229,13,7972,5,14363,13,3311,1
2021-12-29,50571,49,10127,15,14318,19,7737,7,14767,6,3604,2
2021-12-30,47526,37,9354,6,13494,18,7583,4,13962,9,3124,0
2021-12-31,29188,62,5138,10,8759,24,4584,10,8992,16,1710,2
2022-01-01,12069,69,1990,15,3538,23,1931,9,3734,19,876,3
2022-01-02,32550,69,4920,11,10164,21,5085,9,9894,25,2479,3
2022-01-03,55058,78,10564,15,16683,29,9121,8,15244,24,3424,2
2022-01-04,49280,94,10284,15,13853,36,8755,13,13419,24,2957,6
2022-01-05,40283,87,7967,12,11206,23,7098,15,11472,30,2535,7
2022-01-06,36400,98,6986,13,10469,32,6337,24,10504,25,2093,4
2022-01-07,23222,105,4233,17,6876,31,4352,16,6439,39,1318,2
2022-01-08,16206,109,2702,16,4845,43,2526,11,5026,33,1106,6
2022-01-09,14363,126,1860,25,4691,47,2112,16,4573,31,1123,7
2022-01-10,25068,122,4508,20,7560,42,4065,21,7312,30,1614,9
2022-01-11,18545,148,3355,24,5557,52,2882,22,5460,44,1284,6
2022-01-12,18446,126,3012,24,5679,46,3209,25,5420,27,1119,4
2022-01-13,16100,136,2506,21,5253,49,2548,24,4818,35,973,7
2022-01-14,13293,140,2205,34,4116,44,2325,17,3835,40,805,5
2022-01-15,6760,105,887,15,2236,44,987,19,2115,25,535,2
2022-01-16,6891,126,789,23,2413,53,1178,20,2060,27,451,3
2022-01-17,9834,111,1187,25,3552,32,1649,12,2764,33,679,9
2022-01-18,10923,125,1616,27,3581,37,2064,16,2954,37,706,8
2022-01-19,9036,100,1251,20,3003,32,1740,15,2474,26,561,7
2022-01-20,7044,119,952,18,2317,35,1436,24,1888,36,449,6
2022-01-21,5799,123,765,23,1779,48,1152,15,1712,31,390,6
2022-01-22,3633,88,465,11,1200,38,536,7,1159,24,273,8
2022-01-23,3398,106,350,20,1234,36,605,19,982,28,227,3
2022-01-24,6016,120,817,20,1996,44,1224,11,1551,31,425,14
2022-01-25,4762,107,582,21,1604,37,1000,19,1247,28,328,2
2022-01-26,4195,114,516,27,1452,30,901,17,1074,35,250,5
2022-01-27,3633,81,443,13,1189,26,786,11,952,23,259,8
2022-01-28,2725,101,307,17,894,31,569,17,756,21,197,15
2022-01-29,513,83,69,13,141,31,147,16,127,19,29,4
2022-01-30,1426,87,138,17,488,31,320,10,364,25,116,4
2022-01-31,3110,94,638,16,905,37,639,15,706,18,221,8
2022-02-01,2240,76,282,14,758,22,520,11,528,27,148,2
2022-02-02,2327,91,264,12,832,30,528,14,542,27,159,8
2022-02-03,2000,75,253,12,751,23,418,13,457,19,121,8
2022-02-04,1540,52,176,11,496,13,324,11,426,13,117,4
2022-02-05,946,51,117,13,298,13,195,9,266,13,70,3
2022-02-06,869,56,70,10,263,22,219,9,239,8,78,7
2022-02-07,1603,39,190,5,529,18,369,4,404,8,111,4
2022-02-08,1515,57,196,8,528,28,376,6,314,12,101,3
2022-02-09,1318,50,158,8,407,14,342,8,329,16,80,4
2022-02-10,1226,46,128,6,402,14,298,6,326,13,72,7
2022-02-11,983,42,133,10,317,10,236,7,229,9,67,6
2022-02-12,635,33,67,7,213,5,146,5,150,11,59,5
2022-02-13,458,46,55,12,153,19,105,4,110,8,35,3
2022-02-14,1017,23,96,3,357,11,277,3,218,2,69,4
2022-02-15,941,26,91,2,299,5,269,5,206,13,74,1
2022-02-16,936,33,89,8,317,10,250,2,219,11,60,2
2022-02-17,833,40,82,5,268,15,232,12,205,7,45,1
2022-02-18,663,35,70,5,214,13,149,7,174,7,56,3
2022-02-19,425,33,40,6,103,11,123,3,125,12,34,1
2022-02-20,383,16,45,3,115,8,118,0,74,4,31,1
2022-02-21,559,29,47,3,155,9,161,3,160,12,36,2
2022-02-22,686,12,67,2,219,4,192,2,153,4,54,0
2022-02-23,705,19,68,3,202,5,259,2,140,7,36,2
2022-02-24,660,19,77,4,176,7,203,3,164,3,40,2
2022-02-25,539,18,32,5,184,3,165,2,119,6,38,2
2022-02-26,337,6,32,0,105,1,109,1,69,4,21,0
2022-02-27,361,18,27,1,127,4,115,5,68,7,24,1
2022-02-28,706,7,57,3,197,1,248,2,155,1,49,0
2022-03-01,611,20,56,4,181,3,230,2,111,8,33,3
2022-03-02,643,20,47,2,191,11,235,2,122,4,46,1
2022-03-03,587,9,51,1,159,4,230,1,123,2,23,1
2022-03-04,461,13,45,4,139,4,150,1,106,4,21,0
2022-03-05,317,13,29,7,86,2,107,1,66,1,29,2
2022-03-06,340,8,23,2,123,2,109,1,69,3,16,0
2022-03-07,656,10,38,1,230,2,241,0,110,5,37,2
2022-03-08,681,5,52,1,245,3,238,0,111,1,35,0
2022-03-09,625,12,42,2,221,4,228,2,109,4,25,0
2022-03-10,699,10,49,2,241,3,259,3,119,2,30,0
2022-03-11,605,9,59,1,207,3,204,1,104,4,30,0
2022-03-12,299,11,21,2,103,6,101,1,60,2,14,0
2022-03-13,435,9,35,0,129,4,151,1,93,2,27,2
2022-03-14,905,17,69,4,332,4,320,2,147,4,36,3
2022-03-15,847,10,61,4,312,1,300,4,141,0,33,1
2022-03-16,871,8,69,1,275,1,349,0,154,5,24,1
2022-03-17,754,4,66,0,246,1,288,1,125,1,29,1
2022-03-18,803,8,63,1,238,2,319,2,154,2,28,1
2022-03-19,448,5,26,0,132,3,174,0,90,1,26,1
2022-03-20,653,8,28,0,211,2,251,3,134,2,29,1
2022-03-21,1311,4,105,0,399,2,554,2,208,0,45,0
2022-03-22,1287,7,92,0,427,2,497,1,214,3,55,1
2022-03-23,1266,5,85,1,401,0,491,0,225,0,63,4
2022-03-24,1176,6,104,1,355,1,447,3,217,1,53,0
2022-03-25,1094,5,94,3,332,0,411,0,211,2,45,0
2022-03-26,678,5,49,2,229,1,217,2,128,0,55,0
2022-03-27,775,6,48,1,267,3,271,1,150,1,39,0
2022-03-28,1515,6,124,0,437,3,572,3,304,0,77,0
2022-03-29,1437,5,110,2,481,1,494,0,261,2,89,0
2022-03-30,1514,5,119,0,455,3,549,0,309,1,82,1
2022-03-31,1509,4,97,1,447,1,588,0,277,2,99,0
2022-04-01,1337,5,112,1,398,1,476,1,285,2,66,0
2022-04-02,877,2,70,0,286,0,311,0,175,1,35,1
2022-04-03,904,4,54,2,292,0,305,1,189,0,63,1
2022-04-04,2157,5,187,1,620,0,793,2,458,2,96,0
2022-04-05,1979,5,149,0,630,2,720,0,368,2,111,1
2022-04-06,2091,4,149,1,646,2,822,0,386,1,87,0
2022-04-07,2008,2,144,0,586,0,776,0,380,2,121,0
2022-04-08,1886,5,136,0,550,2,644,0,427,1,127,2
2022-04-09,1172,6,69,1,371,1,403,2,263,1,65,1
2022-04-10,1189,8,69,3,343,3,450,0,239,1,88,1
2022-04-11,2592,3,223,0,765,0,935,1,502,2,167,0
2022-04-12,2428,6,206,1,712,4,889,1,495,0,121,0
2022-04-13,2608,3,201,1,732,0,906,0,577,1,191,1
2022-04-14,2305,7,191,0,639,2,802,2,551,3,122,0
2022-04-15,2006,6,137,0,592,4,673,2,479,0,123,0
2022-04-16,1205,5,116,0,350,2,323,0,329,2,87,1
2022-04-17,966,4,80,1,289,1,302,0,234,2,61,0
2022-04-18,2350,4,187,0,663,2,765,0,565,0,167,2
2022-04-19,2303,5,180,0,677,2,733,0,597,2,114,1
2022-04-20,2169,1,194,0,581,0,684,0,582,1,125,0
2022-04-21,1996,5,176,1,614,4,551,0,494,0,157,0
2022-04-22,1817,7,171,0,512,3,464,2,518,2,151,0
2022-04-23,1411,3,116,0,462,2,338,0,405,1,90,0
2022-04-24,1464,4,112,0,422,0,350,0,429,3,151,1
2022-04-25,2918,4,293,0,927,1,761,2,768,1,168,0
2022-04-26,2952,8,260,1,834,2,901,2,758,1,198,2
2022-04-27,2790,4,298,0,831,1,758,0,759,3,141,0
2022-04-28,2668,5,246,1,810,1,690,3,762,0,159,0
2022-04-29,2786,4,230,1,829,0,816,1,763,2,147,0
2022-04-30,1619,6,137,1,498,0,382,0,491,3,111,2
2022-05-01,1878,4,132,1,564,2,592,0,479,1,111,0
2022-05-02,3896,8,296,0,1191,3,1195,4,1001,0,211,1
2022-05-03,3779,6,330,1,1126,1,1018,1,1067,2,236,1
2022-05-04,3719,6,327,0,1116,0,961,4,1046,1,264,1
2022-05-05,3572,6,377,1,1079,2,799,2,1085,1,231,0
2022-05-06,3084,7,279,4,876,2,706,0,982,1,239,0
2022-05-07,1854,7,161,0,523,3,441,1,567,3,161,0
2022-05-08,1975,7,150,2,634,4,459,0,538,1,192,0
2022-05-09,4354,9,473,0,1265,6,1009,1,1296,1,304,1
2022-05-10,4045,3,376,0,1333,1,911,1,1148,1,273,0
2022-05-11,4085,12,433,0,1256,6,956,1,1145,4,294,1
2022-05-12,3999,12,440,1,1213,7,861,1,1171,2,312,1
2022-05-13,3533,4,413,1,1077,1,713,0,1061,2,266,0
2022-05-14,2434,15,238,3,733,3,508,3,740,5,214,1
2022-05-15,2240,11,209,1,750,6,451,2,635,2,195,0
2022-05-16,4510,7,559,2,1402,2,976,0,1249,3,318,0
2022-05-17,4154,7,477,1,1205,2,967,2,1155,0,337,2
2022-05-18,4256,9,551,0,1250,7,931,0,1177,2,344,0
2022-05-19,3754,5,491,1,1143,2,791,1,1045,1,279,0
2022-05-20,3438,10,432,2,1029,2,761,2,972,4,244,0
2022-05-21,2454,14,287,3,663,5,576,3,731,3,195,0
2022-05-22,2332,6,214,0,721,0,598,1,611,4,188,1
2022-05-23,4704,13,558,1,1404,5,1094,2,1277,4,363,1
2022-05-24,3958,15,521,3,1174,6,961,2,1019,2,277,2
2022-05-25,3885,12,453,2,1199,4,885,1,1085,3,262,2
2022-05-26,3306,7,431,2,996,3,726,0,915,2,235,0
2022-05-27,2964,8,370,0,880,2,695,2,837,3,178,1
2022-05-28,2006,8,193,1,566,4,483,2,590,1,174,0
2022-05-29,1788,15,182,2,599,2,404,1,483,3,119,7
2022-05-30,1725,5,210,0,519,3,426,2,467,0,102,0
2022-05-31,4285,9,513,2,1313,3,1003,0,1156,4,296,0
2022-06-01,3608,10,502,2,1115,3,803,2,951,3,231,0
2022-06-02,3200,14,382,1,1010,5,754,2,845,6,206,0
2022-06-03,2803,11,351,0,804,6,654,1,823,2,169,2
2022-06-04,1774,10,193,4,532,1,402,1,507,2,140,2
2022-06-05,1668,12,172,1,475,4,395,3,510,3,115,1
2022-06-06,3327,15,426,2,984,4,714,2,989,4,213,3
2022-06-07,2913,10,380,2,900,1,603,2,853,3,175,2
2022-06-08,2922,16,337,2,916,5,626,3,842,4,197,2
2022-06-09,2537,11,315,0,788,5,566,2,704,3,160,1
2022-06-10,2416,12,319,3,720,1,481,3,738,5,157,0
2022-06-11,1460,15,197,3,412,5,254,1,494,5,103,1
2022-06-12,1512,14,154,1,425,3,341,3,454,5,137,2
2022-06-13,3127,7,455,1,931,4,656,0,879,1,203,1
2022-06-14,2868,5,336,1,879,2,638,1,815,0,198,1
2022-06-15,2834,6,381,0,904,1,596,2,771,2,178,1
2022-06-16,2469,14,325,1,726,6,566,3,677,4,174,0
2022-06-17,2445,8,335,1,701,3,519,1,745,3,142,0
2022-06-18,1804,7,243,2,527,4,389,1,528,0,117,0
2022-06-19,1577,3,161,0,440,1,368,0,507,1,101,1
2022-06-20,2444,10,322,1,685,4,541,1,735,3,160,1
2022-06-21,3667,13,485,2,1093,3,850,3,1008,4,228,1
2022-06-22,3297,8,480,2,898,0,733,2,985,3,199,1
2022-06-23,2946,12,381,3,851,3,690,1,847,4,177,1
2022-06-24,2817,15,390,0,812,2,605,5,834,6,176,2
2022-06-25,2066,12,267,3,604,4,462,0,600,5,132,0
2022-06-26,2060,8,227,0,625,3,419,2,652,3,137,0
2022-06-27,3796,14,505,0,1123,4,832,5,1071,3,263,2
2022-06-28,3633,13,509,3,1156,4,784,2,988,4,193,0
2022-06-29,3605,10,496,1,1027,2,831,2,1037,3,214,2
2022-06-30,3150,10,506,3,879,6,710,0,877,1,176,0
2022-07-01,3112,10,467,3,877,3,681,0,887,2,198,2
2022-07-02,2216,10,317,0,572,5,488,3,677,2,161,0
2022-07-03,2213,15,296,2,634,7,492,2,631,3,159,1
2022-07-04,1737,13,272,1,427,4,434,2,493,6,109,0
2022-07-05,5234,12,790,4,1502,7,1084,0,1526,1,332,0
2022-07-06,4358,5,645,1,1229,3,961,0,1237,1,284,0
2022-07-07,4239,8,617,2,1249,2,906,2,1210,1,255,1
2022-07-08,3815,5,531,1,1130,3,778,0,1127,0,244,1
2022-07-09,2550,16,393,1,758,3,472,2,743,7,184,3
2022-07-10,2455,8,269,3,725,1,522,3,750,1,187,0
2022-07-11,4991,7,744,1,1412,1,1040,3,1470,1,321,1
2022-07-12,4248,14,698,2,1253,5,850,2,1203,5,243,0
2022-07-13,3980,13,627,2,1181,3,816,1,1143,7,209,0
2022-07-14,3909,15,609,2,1191,5,762,1,1114,6,228,1
2022-07-15,3747,12,568,4,1164,3,732,1,1084,4,196,0
2022-07-16,2362,7,360,2,633,1,445,1,746,2,177,1
2022-07-17,2390,19,307,2,685,0,524,5,705,9,169,3
2022-07-18,4370,14,627,3,1261,3,852,1,1348,3,278,4
2022-07-19,4080,12,650,2,1164,3,824,2,1212,4,226,1
2022-07-20,3842,15,643,3,1129,4,762,2,1073,3,232,3
2022-07-21,3437,17,536,4,1005,6,699,2,989,5,206,0
2022-07-22,3216,19,490,1,956,6,624,0,917,10,228,2
2022-07-23,2180,22,325,2,603,9,410,4,688,5,154,2
2022-07-24,2033,17,297,0,598,7,397,2,599,5,140,3
2022-07-25,4291,19,714,0,1180,9,877,6,1265,4,254,0
2022-07-26,3890,13,669,3,1086,3,757,2,1134,3,243,2
2022-07-27,3661,15,577,0,1078,5,748,3,1031,6,225,1
2022-07-28,3227,14,573,3,935,1,630,3,891,6,197,1
2022-07-29,2910,16,500,1,834,5,540,2,857,6,178,2
2022-07-30,1821,17,311,2,495,5,309,5,588,3,118,2
2022-07-31,1937,13,300,4,569,4,334,1,592,3,140,1
2022-08-01,3859,14,644,1,1108,4,726,5,1162,3,217,1
2022-08-02,3544,15,570,3,1037,5,723,1,1000,6,212,0
2022-08-03,3199,10,570,1,843,3,653,1,933,4,199,1
2022-08-04,2964,17,469,2,849,3,585,0,870,6,191,6
2022-08-05,2728,16,435,2,781,2,523,3,801,8,188,1
2022-08-06,1680,17,302,1,430,7,320,3,518,4,110,2
2022-08-07,1618,16,250,2,445,5,286,1,508,5,129,3
2022-08-08,3371,20,600,2,975,7,639,2,925,6,232,3
2022-08-09,2730,20,531,1,748,4,504,3,771,10,175,2
2022-08-10,2559,10,406,3,802,3,454,0,717,4,180,0
2022-08-11,2315,9,433,1,608,5,419,1,699,0,156,2
2022-08-12,2017,12,363,1,607,2,382,4,561,4,103,1
2022-08-13,1295,15,187,4,356,6,253,3,404,2,95,0
2022-08-14,1331,14,198,1,384,4,238,3,423,6,87,0
2022-08-15,2680,12,431,2,779,2,506,1,783,5,181,2
2022-08-16,2379,15,370,4,670,6,485,2,687,3,167,0
2022-08-17,2209,19,350,4,644,7,414,2,658,6,141,0
2022-08-18,2111,15,331,3,610,2,398,3,646,6,125,1
2022-08-19,1935,11,312,0,530,5,414,3,554,1,124,2
2022-08-20,1264,21,200,4,338,5,233,3,402,5,91,4
2022-08-21,1266,14,182,2,373,4,210,3,397,4,104,1
2022-08-22,2290,16,384,6,669,4,433,2,667,4,136,0
2022-08-23,2049,11,352,3,554,3,443,2,570,3,130,0
2022-08-24,1914,17,308,4,570,3,371,3,538,5,126,2
2022-08-25,1855,12,348,3,524,4,345,1,532,4,103,0
2022-08-26,1695,19,263,5,473,10,353,0,497,3,107,1
2022-08-27,1118,14,191,6,291,2,221,1,341,4,74,1
2022-08-28,1116,14,164,1,327,3,242,4,318,4,65,2
2022-08-29,2187,5,362,0,647,3,429,1,589,1,160,0
2022-08-30,1859,14,289,4,533,3,348,3,576,4,113,0
2022-08-31,1838,12,293,4,534,2,334,3,556,2,120,1
2022-09-01,1659,11,264,0,471,4,325,3,501,1,97,3
2022-09-02,1483,13,240,2,466,3,279,2,411,4,87,2
2022-09-03,927,10,146,3,219,5,184,1,290,1,88,0
2022-09-04,960,18,124,2,274,8,195,2,277,4,90,2
2022-09-05,993,10,156,2,292,3,196,1,279,4,70,0
2022-09-06,2042,8,304,0,599,3,396,1,591,1,152,3
2022-09-07,1802,12,271,2,533,4,390,3,499,2,108,1
2022-09-08,1638,15,229,2,508,5,324,2,516,4,61,2
2022-09-09,1512,12,226,1,461,6,338,1,410,2,76,2
2022-09-10,1024,9,153,3,262,0,208,0,321,5,80,1
2022-09-11,945,10,121,3,297,4,178,0,289,2,60,1
2022-09-12,2068,9,314,2,628,1,449,0,565,5,111,1
2022-09-13,1730,13,261,2,497,1,384,6,475,4,113,0
2022-09-14,1823,9,315,1,481,1,405,0,515,4,107,3
2022-09-15,1655,13,279,3,424,5,360,2,457,3,135,0
2022-09-16,1606,19,296,3,449,5,321,4,439,6,101,1
2022-09-17,1087,10,184,4,302,2,210,3,312,1,79,0
2022-09-18,1159,14,165,3,359,2,242,1,320,6,73,2
2022-09-19,2435,12,407,2,709,4,495,1,659,5,165,0
2022-09-20,2232,8,385,1,679,1,412,1,614,4,141,1
2022-09-21,2042,14,348,2,594,4,431,1,534,5,135,2
2022-09-22,1651,11,259,3,471,3,321,1,481,4,119,0
2022-09-23,1513,7,266,0,408,1,314,2,427,3,98,1
2022-09-24,992,4,130,1,287,1,197,1,284,1,94,0
2022-09-25,1060,6,124,1,309,0,220,2,311,2,96,1
2022-09-26,2029,9,292,0,555,4,447,0,573,4,162,1
2022-09-27,1899,9,262,0,525,4,403,0,529,3,180,2
2022-09-28,2041,6,330,0,581,2,416,2,553,2,161,0
2022-09-29,1848,11,237,1,581,4,365,1,497,5,168,0
2022-09-30,1577,16,240,2,441,4,313,2,418,7,164,1
2022-10-01,890,8,105,0,227,3,173,2,266,3,119,0
2022-10-02,951,8,125,1,254,3,208,0,256,2,108,2
2022-10-03,1958,11,270,0,554,6,397,2,554,2,182,1
2022-10-04,1628,6,228,2,465,1,360,1,429,2,146,0
2022-10-05,1500,17,212,5,398,5,304,3,443,3,143,1
2022-10-06,1891,15,272,4,552,1,437,3,470,6,159,1
2022-10-07,1585,13,204,1,434,6,360,1,437,4,149,1
2022-10-08,957,13,138,3,240,2,187,2,309,4,83,2
2022-10-09,977,14,110,1,256,3,214,2,296,5,101,3
2022-10-10,1674,16,238,1,433,4,377,3,475,4,151,4
2022-10-11,1994,17,295,3,549,2,421,2,555,8,173,2
2022-10-12,1954,8,287,2,569,4,427,0,535,2,136,0
2022-10-13,1835,14,267,5,539,1,373,3,534,3,121,2
2022-10-14,1636,14,254,6,495,2,325,3,439,3,123,0
2022-10-15,1029,7,153,2,277,0,196,1,341,2,62,2
2022-10-16,997,9,115,4,288,1,182,1,319,2,93,1
2022-10-17,2076,18,310,1,521,3,445,4,645,9,155,1
2022-10-18,1859,12,268,2,524,1,407,3,554,5,106,1
2022-10-19,1852,14,332,1,521,6,393,2,479,4,127,1
2022-10-20,1635,10,239,2,476,2,353,4,462,1,105,1
2022-10-21,1563,16,254,1,459,7,326,4,438,3,86,1
2022-10-22,1153,8,160,1,323,4,232,1,359,1,79,1
2022-10-23,1110,20,172,4,319,3,231,9,312,3,76,1
2022-10-24,2332,23,385,1,679,5,482,4,644,5,141,8
2022-10-25,2245,20,387,4,682,3,415,1,634,11,127,1
2022-10-26,2255,16,362,1,670,6,455,3,661,5,106,1
2022-10-27,1974,14,324,2,574,5,420,1,547,5,109,1
2022-10-28,1759,14,285,1,527,3,376,3,477,6,93,1
2022-10-29,1147,12,178,1,315,5,202,3,382,2,70,1
2022-10-30,1221,12,164,2,352,6,246,2,375,2,84,0
2022-10-31,2434,15,418,5,731,3,422,0,727,5,136,2
2022-11-01,2290,15,408,5,685,3,416,1,671,6,110,0
2022-11-02,2438,19,374,6,709,2,512,1,727,9,116,1
2022-11-03,2308,15,411,1,664,3,443,2,669,9,121,0
2022-11-04,2171,7,333,0,666,3,441,2,622,1,109,1
2022-11-05,1400,17,224,3,397,3,262,4,452,6,65,1
2022-11-06,1444,14,185,2,455,3,251,1,460,5,93,3
2022-11-07,2841,14,472,3,865,6,542,0,794,4,166,1
2022-11-08,2298,18,366,3,749,6,440,3,643,3,100,3
2022-11-09,2282,21,399,1,677,7,422,4,655,9,129,0
2022-11-10,2012,13,368,1,629,3,402,3,519,4,94,2
2022-11-11,1627,25,286,1,450,8,317,5,476,8,98,3
2022-11-12,1541,18,210,2,463,6,264,3,497,5,107,2
2022-11-13,1375,11,220,0,411,3,247,1,403,6,94,1
2022-11-14,2965,17,539,1,868,5,574,2,847,7,135,2
2022-11-15,2390,21,394,4,727,2,490,8,671,6,108,1
2022-11-16,2329,19,419,2,666,8,478,2,662,6,102,1
2022-11-17,1893,13,309,2,560,5,354,3,572,3,98,0
2022-11-18,1569,15,275,5,503,4,281,0,442,5,68,1
2022-11-19,1164,19,174,2,331,8,214,2,383,5,62,2
2022-11-20,1339,20,180,4,431,6,251,3,388,7,89,0
2022-11-21,3010,18,488,1,890,7,605,3,858,7,168,0
2022-11-22,2701,18,415,3,827,3,540,6,794,4,125,2
2022-11-23,2701,14,426,2,788,5,561,1,789,3,136,3
2022-11-24,1007,21,162,3,314,10,183,2,302,6,46,0
2022-11-25,2273,17,355,1,651,5,419,3,736,8,111,0
2022-11-26,2040,10,358,3,584,4,349,1,638,2,111,0
2022-11-27,2024,13,271,1,640,7,352,1,622,2,139,2
2022-11-28,4784,20,822,3,1499,10,821,3,1394,2,245,2
2022-11-29,3886,18,696,6,1136,4,709,0,1153,8,191,0
2022-11-30,3216,19,580,2,980,7,529,3,973,6,153,1
2022-12-01,3080,20,565,4,902,2,545,2,947,9,121,3
2022-12-02,2974,16,523,3,857,5,561,2,919,6,113,0
2022-12-03,1662,26,245,4,492,9,277,5,554,5,94,3
2022-12-04,1838,12,262,3,584,2,321,2,569,4,102,1
2022-12-05,4103,20,705,2,1228,8,734,3,1216,5,220,2
2022-12-06,3306,25,565,4,1003,8,551,2,1019,7,166,4
2022-12-07,3424,16,575,4,1053,4,662,4,963,4,166,0
2022-12-08,3147,23,527,6,912,8,592,3,972,6,143,0
2022-12-09,2977,20,545,3,843,6,608,4,836,7,145,0
2022-12-10,1729,20,287,6,523,3,283,3,544,6,92,2
2022-12-11,1685,31,249,8,566,7,262,6,486,8,122,2
2022-12-12,4072,24,723,1,1206,6,797,5,1160,11,185,1
2022-12-13,3635,20,636,4,1083,4,737,2,994,9,184,1
2022-12-14,3412,29,571,4,1006,10,669,1,991,11,175,3
2022-12-15,2967,30,479,7,928,7,503,4,895,9,162,3
2022-12-16,2661,21,463,4,775,8,483,3,775,3,164,3
2022-12-17,2026,21,326,2,589,5,370,5,615,9,126,0
2022-12-18,1867,29,261,2,591,8,329,5,533,9,152,5
2022-12-19,3943,19,660,1,1162,5,707,5,1131,6,282,2
2022-12-20,3445,29,626,5,1026,12,642,5,963,5,187,2
2022-12-21,3341,25,576,3,984,10,621,4,950,8,209,0
2022-12-22,2841,22,474,4,850,3,545,6,799,7,173,2
2022-12-23,2407,30,391,7,700,8,438,5,717,7,161,3
2022-12-24,1027,25,176,4,319,9,153,3,307,7,72,2
2022-12-25,846,28,139,5,266,7,146,2,228,7,67,7
2022-12-26,2323,30,350,3,745,7,380,5,681,10,167,5
2022-12-27,3473,32,612,7,1004,10,510,5,1108,10,239,0
2022-12-28,3176,34,604,7,911,10,517,5,891,11,253,1
2022-12-29,3085,30,584,2,894,11,507,8,889,7,211,2
2022-12-30,2701,33,506,6,780,10,464,4,785,9,166,4
2022-12-31,1456,23,256,4,419,4,229,6,432,6,120,3
2023-01-01,1141,30,181,1,364,12,164,4,339,10,93,3
2023-01-02,2817,25,432,3,869,2,461,8,861,10,194,2
2023-01-03,3806,27,693,2,1097,11,677,3,1102,10,237,1
2023-01-04,3354,26,651,6,944,8,592,1,975,11,190,0
2023-01-05,2891,26,534,9,856,8,510,3,846,5,143,1
2023-01-06,2482,42,478,9,696,15,462,6,700,9,145,3
2023-01-07,1458,23,239,2,403,8,269,6,463,6,84,1
2023-01-08,1341,19,179,6,399,4,250,3,405,3,108,3
2023-01-09,2873,31,513,8,867,7,498,7,806,8,188,1
2023-01-10,2449,19,466,1,758,5,421,2,670,10,133,1
2023-01-11,2215,17,430,4,733,5,361,4,580,3,110,1
2023-01-12,2081,18,370,2,656,6,365,3,563,4,127,3
2023-01-13,1854,24,356,4,559,8,312,3,518,7,107,2
2023-01-14,1118,28,183,8,302,6,203,4,340,7,90,3
2023-01-15,1035,19,173,4,318,3,179,3,286,8,79,1
2023-01-16,1717,19,277,4,562,6,278,2,483,4,117,3
2023-01-17,2453,23,481,5,750,5,395,4,678,8,149,1
2023-01-18,1817,15,375,1,555,5,298,1,486,6,103,2
2023-01-19,1723,14,327,5,550,5,304,0,449,1,93,3
2023-01-20,1685,23,309,2,490,7,326,4,456,9,104,1
2023-01-21,1000,25,177,5,308,8,135,4,322,7,58,1
2023-01-22,949,24,153,3,270,11,159,2,272,8,95,0
2023-01-23,1996,20,384,2,607,6,338,5,550,5,117,2
2023-01-24,1803,30,367,5,530,9,305,3,504,10,97,3
2023-01-25,1505,23,284,1,458,7,278,2,377,10,108,3
2023-01-26,1555,16,278,5,482,6,278,0,407,3,110,2
2023-01-27,1415,15,279,3,410,3,260,4,358,5,106,0
2023-01-28,841,15,151,2,242,6,152,2,225,5,71,0
2023-01-29,740,20,117,1,209,5,131,7,195,6,88,1
2023-01-30,1934,18,339,3,623,5,322,2,514,5,136,3
2023-01-31,1571,19,285,4,506,6,269,3,405,3,102,3
2023-02-01,1306,20,238,1,420,7,221,3,353,9,74,0
2023-02-02,1207,18,213,4,382,5,204,4,322,5,85,0
2023-02-03,990,16,176,1,307,7,176,4,254,1,76,3
2023-02-04,492,21,88,6,111,6,85,2,156,4,52,3
2023-02-05,595,18,95,4,181,4,94,3,169,6,56,1
2023-02-06,1547,11,251,1,478,2,309,4,382,3,126,1
2023-02-07,1233,13,215,1,367,5,229,1,319,3,102,3
2023-02-08,1073,10,182,2,323,2,215,1,282,4,71,1
2023-02-09,988,15,159,3,326,2,171,3,270,5,62,2
2023-02-10,898,18,160,2,253,5,179,6,241,3,63,2
2023-02-11,544,16,95,3,149,4,118,1,143,5,39,3
2023-02-12,511,10,67,2,145,1,94,2,146,3,57,2
2023-02-13,1180,7,168,1,359,2,239,3,315,0,98,1
2023-02-14,921,13,155,3,274,5,207,0,216,4,69,1
2023-02-15,881,15,138,1,261,5,193,4,232,2,56,3
2023-02-16,863,9,148,0,266,3,188,2,200,4,61,0
2023-02-17,614,20,110,1,198,12,111,0,147,5,48,2
2023-02-18,426,11,58,1,122,1,102,3,117,4,27,2
2023-02-19,383,10,47,1,109,1,73,1,125,7,29,0
2023-02-20,600,14,93,3,188,4,133,1,144,4,42,2
2023-02-21,785,12,106,0,252,7,187,2,186,3,53,0
2023-02-22,650,8,116,1,197,3,119,0,175,3,43,1
2023-02-23,678,4,97,0,239,1,138,1,162,1,42,1
2023-02-24,536,8,99,1,136,3,119,1,147,2,35,1
2023-02-25,331,7,38,1,100,1,64,1,101,2,28,2
2023-02-26,351,6,51,0,93,0,77,2,95,1,35,3
2023-02-27,790,8,99,2,248,2,197,2,197,2,49,0
2023-02-28,538,5,66,0,190,1,101,2,137,2,44,0
2023-03-01,526,5,81,0,157,2,114,0,133,1,41,2
2023-03-02,517,9,80,0,175,2,111,7,114,0,37,0
2023-03-03,439,9,75,3,118,2,104,1,112,2,29,1
2023-03-04,269,6,33,0,77,3,62,1,77,1,20,1
2023-03-05,220,7,29,1,73,3,38,0,58,2,22,1
2023-03-06,600,7,90,1,207,0,119,1,147,4,37,1
2023-03-07,470,7,70,2,164,1,92,1,115,2,29,1
2023-03-08,479,9,69,1,157,4,104,0,121,3,28,1
2023-03-09,422,7,74,0,148,2,81,2,90,3,28,0
2023-03-10,367,7,46,0,123,4,70,0,96,2,32,1
2023-03-11,245,14,32,3,70,3,40,1,74,3,29,4
2023-03-12,215,7,29,1,74,3,45,0,54,3,13,0
2023-03-13,508,5,74,1,168,1,96,1,131,1,39,1
2023-03-14,392,6,57,1,157,2,72,0,81,1,25,2
2023-03-15,556,5,49,0,308,1,82,2,88,2,29,0
2023-03-16,415,6,55,2,157,2,87,0,83,1,31,1
2023-03-17,326,3,34,1,104,2,71,0,98,0,19,0
2023-03-18,207,4,31,0,63,4,40,0,61,0,12,0
2023-03-19,177,5,15,1,49,2,39,0,56,1,18,1
2023-03-20,482,4,76,0,156,0,102,1,119,1,29,2
2023-03-21,424,6,53,3,159,3,84,0,106,0,22,0
2023-03-22,402,2,48,0,158,0,79,2,91,0,25,0
2023-03-23,393,7,47,2,166,2,75,1,85,2,20,0
2023-03-24,385,5,45,1,132,2,86,0,93,0,29,2
2023-03-25,196,6,17,0,48,2,41,1,73,3,17,0
2023-03-26,214,7,24,0,59,2,43,1,72,2,16,2
2023-03-27,445,7,74,1,154,1,85,0,107,4,25,1
2023-03-28,414,4,74,1,142,1,83,2,92,0,23,0
2023-03-29,352,6,53,0,108,3,84,0,88,1,19,2
2023-03-30,409,6,46,0,182,3,65,2,95,0,21,1
2023-03-31,350,5,58,2,124,0,55,2,88,1,25,0
2023-04-01,171,4,27,1,51,2,35,0,46,1,12,0
2023-04-02,205,3,25,0,67,1,35,0,58,2,20,0
2023-04-03,345,4,38,0,126,1,75,0,83,1,23,2
2023-04-04,326,0,53,0,109,0,79,0,67,0,18,0
2023-04-05,257,4,41,1,70,1,69,1,64,1,13,0
2023-04-06,224,3,27,1,60,0,44,0,82,2,10,0
2023-04-07,204,2,29,0,44,0,49,1,65,1,17,0
2023-04-08,145,2,20,0,47,1,30,1,39,0,9,0
2023-04-09,113,0,8,0,36,0,25,0,36,0,8,0
2023-04-10,312,1,39,0,72,0,79,1,98,0,23,0
2023-04-11,270,3,33,0,92,2,60,0,60,0,25,1
2023-04-12,195,4,35,0,54,0,49,1,50,1,7,2
2023-04-13,219,2,31,1,52,0,61,0,61,1,14,0
2023-04-14,220,1,31,0,69,0,47,0,60,1,13,0
2023-04-15,136,3,23,2,27,0,35,0,44,1,7,0
2023-04-16,151,3,21,1,37,0,31,0,49,2,13,0
2023-04-17,355,2,38,0,164,1,63,0,69,0,21,1
2023-04-18,270,2,31,1,101,1,53,0,70,0,15,0
2023-04-19,245,3,26,0,70,2,52,0,85,1,12,0
2023-04-20,231,3,38,0,75,0,49,3,55,0,14,0
2023-04-21,173,3,24,1,56,0,44,1,46,1,3,0
2023-04-22,122,1,14,0,24,0,29,0,50,1,5,0
2023-04-23,126,0,19,0,40,0,20,0,35,0,12,0
2023-04-24,334,2,39,0,144,0,66,0,64,1,21,1
2023-04-25,253,2,51,1,78,0,55,0,52,1,17,0
2023-04-26,195,3,31,1,59,1,44,1,44,0,17,0
2023-04-27,229,2,33,0,61,1,64,0,60,1,11,0
2023-04-28,274,5,33,0,124,2,55,3,52,0,10,0
2023-04-29,126,0,16,0,36,0,24,0,41,0,9,0
2023-04-30,98,2,9,1,34,0,18,0,28,0,9,1
2023-05-01,256,2,38,1,67,0,53,0,82,0,16,1
2023-05-02,237,0,40,0,67,0,50,0,60,0,20,0
2023-05-03,220,1,23,0,69,0,53,0,64,1,11,0
2023-05-04,219,2,24,0,73,0,44,0,56,2,22,0
2023-05-05,184,1,24,0,57,1,44,0,47,0,12,0
2023-05-06,97,1,12,1,27,0,25,0,31,0,2,0
2023-05-07,148,1,18,0,42,1,35,0,45,0,8,0
2023-05-08,246,1,41,0,64,0,52,0,71,1,18,0
2023-05-09,220,0,38,0,59,0,46,0,65,0,12,0
2023-05-10,243,3,35,0,76,0,49,0,75,1,8,2
2023-05-11,235,0,37,0,68,0,54,0,55,0,21,0
2023-05-12,170,1,20,0,46,0,42,0,55,1,7,0
2023-05-13,117,1,18,0,34,0,27,0,30,0,8,1
2023-05-14,133,2,22,0,45,0,22,0,33,2,11,0
2023-05-15,253,0,38,0,68,0,54,0,76,0,17,0
2023-05-16,241,1,38,0,59,0,54,1,76,0,13,0
2023-05-17,211,0,23,0,69,0,42,0,63,0,14,0
2023-05-18,216,0,32,0,50,0,58,0,63,0,13,0
2023-05-19,186,0,25,0,53,0,38,0,59,0,11,0
2023-05-20,118,0,11,0,33,0,26,0,37,0,11,0
2023-05-21,132,2,17,0,43,0,23,2,42,0,7,0
2023-05-22,259,0,33,0,69,0,72,0,72,0,13,0
2023-05-23,226,3,21,0,74,0,57,0,61,3,13,0
2023-05-24,269,2,32,0,78,1,60,1,85,0,14,0
2023-05-25,183,2,28,1,46,0,54,0,47,1,8,0
2023-05-26,155,1,9,0,43,0,45,0,51,0,7,1
2023-05-27,111,0,14,0,30,0,23,0,40,0,4,0
2023-05-28,139,0,19,0,44,0,25,0,43,0,8,0
2023-05-29,135,4,28,0,25,0,31,0,44,2,7,2
2023-05-30,311,2,47,1,87,0,64,1,101,0,12,0
2023-05-31,262,2,38,0,68,1,53,1,88,0,15,0
2023-06-01,261,1,50,0,68,0,60,0,71,1,12,0
2023-06-02,195,1,34,1,47,0,44,0,61,0,9,0
2023-06-03,146,0,26,0,34,0,27,0,56,0,3,0
2023-06-04,135,0,27,0,44,0,24,0,33,0,7,0
2023-06-05,252,3,42,0,66,0,55,1,75,2,14,0
2023-06-06,219,2,53,2,63,0,39,0,56,0,8,0
2023-06-07,190,1,38,0,56,0,28,0,59,1,9,0
2023-06-08,180,1,28,1,51,0,48,0,49,0,4,0
2023-06-09,179,1,26,0,48,0,40,0,54,1,11,0
2023-06-10,136,0,25,0,25,0,23,0,55,0,8,0
2023-06-11,134,1,21,1,40,0,18,0,48,0,7,0
2023-06-12,234,0,38,0,61,0,53,0,66,0,15,0
2023-06-13,251,1,50,0,69,0,47,0,75,1,10,0
2023-06-14,194,2,31,0,45,0,39,1,67,1,12,0
2023-06-15,204,1,47,0,56,0,40,0,52,1,9,0
2023-06-16,156,0,36,0,35,0,27,0,46,0,12,0
2023-06-17,126,0,22,0,26,0,25,0,44,0,9,0
2023-06-18,108,0,14,0,33,0,20,0,36,0,5,0
2023-06-19,166,1,27,0,46,0,26,0,59,1,8,0
2023-06-20,213,1,27,1,67,0,36,0,73,0,10,0
2023-06-21,181,1,36,0,36,0,44,0,58,1,7,0
2023-06-22,181,0,37,0,42,0,38,0,59,0,5,0
2023-06-23,160,0,19,0,51,0,21,0,56,0,13,0
2023-06-24,98,0,23,0,22,0,18,0,27,0,8,0
2023-06-25,108,1,16,0,26,0,29,0,29,1,8,0
2023-06-26,200,2,33,0,59,0,38,0,57,2,13,0
2023-06-27,220,1,32,0,60,0,61,0,54,1,13,0
2023-06-28,177,1,29,0,46,0,40,1,50,0,12,0
2023-06-29,156,4,24,1,42,1,41,0,41,2,7,0
2023-06-30,168,2,34,0,42,0,38,0,49,1,5,1
2023-07-01,111,1,23,0,30,1,19,0,34,0,5,0
2023-07-02,128,1,18,0,37,1,33,0,33,0,7,0
2023-07-03,169,1,22,1,54,0,25,0,57,0,11,0
2023-07-04,104,0,20,0,27,0,17,0,36,0,4,0
2023-07-05,220,3,32,0,57,1,54,0,66,2,11,0
2023-07-06,196,3,28,0,54,2,46,1,57,0,11,0
2023-07-07,165,1,22,1,45,0,38,0,47,0,13,0
2023-07-08,137,3,21,0,32,0,31,0,44,3,9,0
2023-07-09,112,0,16,0,42,0,23,0,27,0,4,0
2023-07-10,312,2,55,0,99,0,64,0,85,2,9,0
2023-07-11,308,1,70,0,73,1,78,0,71,0,16,0
2023-07-12,236,1,30,1,69,0,56,0,69,0,12,0
2023-07-13,409,0,103,0,80,0,120,0,95,0,11,0
2023-07-14,308,0,62,0,77,0,83,0,77,0,9,0
2023-07-15,147,1,29,0,31,0,25,0,55,1,7,0
2023-07-16,151,1,25,0,49,1,30,0,39,0,8,0
2023-07-17,318,0,53,0,105,0,59,0,81,0,20,0
2023-07-18,273,0,53,0,75,0,51,0,83,0,11,0
2023-07-19,308,0,67,0,90,0,58,0,84,0,9,0
2023-07-20,268,0,61,0,59,0,54,0,85,0,9,0
2023-07-21,309,1,62,0,85,1,57,0,77,0,28,0
2023-07-22,185,1,30,0,48,1,35,0,57,0,15,0
2023-07-23,251,1,36,0,78,1,40,0,82,0,15,0
2023-07-24,444,4,72,0,142,1,83,0,128,1,19,2
2023-07-25,375,1,76,0,97,0,71,1,117,0,14,0
2023-07-26,384,3,80,0,125,0,68,1,97,2,14,0
2023-07-27,394,0,66,0,117,0,73,0,120,0,18,0
2023-07-28,381,1,81,0,109,0,71,1,104,0,15,0
2023-07-29,287,1,57,1,85,0,44,0,82,0,19,0
2023-07-30,300,3,42,1,90,2,46,0,102,0,20,0
2023-07-31,566,0,100,0,148,0,124,0,166,0,28,0
2023-08-01,503,0,95,0,143,0,98,0,140,0,27,0
2023-08-02,480,0,94,0,134,0,98,0,134,0,19,0
2023-08-03,560,1,117,0,163,0,100,0,157,1,23,0
2023-08-04,501,2,90,1,152,0,99,1,135,0,25,0
2023-08-05,401,2,71,0,111,1,76,0,121,1,22,0
2023-08-06,365,0,57,0,99,0,63,0,125,0,21,0
2023-08-07,706,1,132,0,205,0,137,0,197,0,34,1
2023-08-08,735,1,143,0,214,1,145,0,203,0,30,0
2023-08-09,674,1,139,0,172,0,141,0,197,1,24,0
2023-08-10,671,4,119,0,193,0,139,4,195,0,25,0
2023-08-11,655,0,126,0,167,0,147,0,191,0,23,0
2023-08-12,460,3,77,1,124,0,80,0,149,2,30,0
2023-08-13,444,2,85,0,124,2,81,0,137,0,17,0
2023-08-14,830,5,161,0,228,1,175,1,222,3,44,0
2023-08-15,790,2,151,0,238,1,148,0,219,1,34,0
2023-08-16,746,1,126,0,216,0,136,0,225,1,43,0
2023-08-17,650,2,129,0,207,0,109,0,171,1,34,1
2023-08-18,679,1,136,0,204,0,114,0,193,1,32,0
2023-08-19,498,5,101,1,121,2,81,0,168,2,27,0
2023-08-20,465,2,75,1,143,1,68,0,134,0,45,0
2023-08-21,949,2,157,0,284,1,163,1,275,0,69,0
2023-08-22,856,4,154,0,224,1,162,0,260,2,54,1
2023-08-23,856,1,148,0,236,0,169,0,253,0,50,1
2023-08-24,813,2,162,0,225,1,133,1,253,0,40,0
2023-08-25,715,2,125,0,209,0,138,1,216,1,27,0
2023-08-26,517,6,113,2,153,0,73,1,154,2,24,1
2023-08-27,620,5,111,1,194,1,91,1,186,2,38,0
2023-08-28,979,4,197,0,242,3,206,0,275,1,59,0
2023-08-29,927,2,194,2,278,0,168,0,255,0,32,0
2023-08-30,902,2,162,2,265,0,164,0,262,0,48,0
2023-08-31,805,1,151,0,226,0,153,1,242,0,33,0
2023-09-01,739,4,141,1,204,0,126,2,229,1,39,0
2023-09-02,547,5,100,1,154,0,83,1,193,2,17,1
2023-09-03,634,1,101,0,186,0,103,0,210,1,34,0
2023-09-04,673,2,133,0,175,0,79,1,246,0,40,1
2023-09-05,1235,4,239,1,324,2,203,0,411,0,58,1
2023-09-06,1066,3,216,1,306,0,188,0,300,2,54,0
2023-09-07,952,4,156,3,273,0,169,0,297,1,57,0
2023-09-08,893,3,178,0,269,0,161,1,247,2,37,0
2023-09-09,605,3,122,1,169,2,95,0,185,0,34,0
2023-09-10,627,2,89,1,205,0,88,0,202,1,43,0
2023-09-11,1043,8,165,2,341,5,164,1,310,0,62,0
2023-09-12,1045,5,182,0,311,1,196,1,314,2,42,1
2023-09-13,1020,4,173,0,311,2,171,1,301,1,64,0
2023-09-14,971,2,156,0,311,0,179,0,280,1,45,1
2023-09-15,865,6,158,1,250,1,143,0,276,2,38,2
2023-09-16,671,5,100,2,187,0,100,2,245,1,39,0
2023-09-17,645,3,94,1,194,0,112,0,192,1,53,1
2023-09-18,1277,8,231,1,407,4,228,0,338,3,73,0
2023-09-19,1196,5,214,0,362,2,215,2,336,0,69,1
2023-09-20,1154,5,195,0,384,2,176,2,323,1,76,0
2023-09-21,1057,7,172,1,343,0,181,1,297,5,63,0
2023-09-22,916,2,161,0,273,0,155,1,266,1,61,0
2023-09-23,562,3,82,0,190,2,85,0,173,1,32,0
2023-09-24,640,3,89,1,217,2,105,0,190,0,39,0
2023-09-25,1066,3,192,1,324,0,176,0,314,2,60,0
2023-09-26,1100,5,175,1,367,0,179,2,321,2,58,0
2023-09-27,995,8,158,2,341,1,158,2,287,3,51,0
2023-09-28,888,3,130,0,303,2,145,0,254,1,56,0
2023-09-29,547,5,95,0,162,2,108,1,145,1,37,1
2023-09-30,462,3,84,1,130,0,91,1,124,1,33,0
2023-10-01,494,4,88,0,144,1,102,2,122,1,38,0
2023-10-02,958,3,162,0,309,1,170,2,260,0,56,0
2023-10-03,831,6,146,1,236,0,159,2,230,2,59,1
2023-10-04,776,5,137,2,229,0,156,2,205,1,49,0
2023-10-05,685,2,134,0,199,2,113,0,198,0,41,0
2023-10-06,531,3,112,0,132,1,122,1,126,1,37,0
2023-10-07,357,2,53,0,112,0,61,1,106,1,25,0
2023-10-08,356,7,56,0,105,3,73,3,96,1,26,0
2023-10-09,625,6,102,1,184,1,106,1,181,3,52,0
2023-10-10,598,5,100,1,178,1,116,1,163,1,41,1
2023-10-11,542,6,93,0,150,2,107,1,155,3,37,0
2023-10-12,572,3,80,0,175,2,113,0,161,1,42,0
2023-10-13,443,4,88,1,118,0,87,1,117,2,32,0
2023-10-14,256,4,39,1,72,1,44,0,84,2,17,0
2023-10-15,333,2,51,0,113,0,50,0,97,1,22,1
2023-10-16,590,7,91,2,177,2,113,0,163,3,46,0
2023-10-17,503,4,71,0,143,0,108,0,145,3,36,1
2023-10-18,504,4,94,2,148,0,97,0,138,2,27,0
2023-10-19,479,2,75,0,154,0,91,2,122,0,37,0
2023-10-20,427,2,91,0,114,0,83,0,110,2,29,0
2023-10-21,291,4,39,0,92,0,49,1,91,3,20,0
2023-10-22,257,1,55,0,89,0,38,1,58,0,17,0
2023-10-23,532,2,100,0,179,1,91,1,134,0,28,0
2023-10-24,456,1,71,0,125,0,93,0,145,1,22,0
2023-10-25,442,6,76,1,144,1,93,0,107,3,22,1
2023-10-26,376,3,62,0,117,1,52,1,116,1,29,0
2023-10-27,328,8,61,3,84,1,71,2,88,2,24,0
2023-10-28,255,3,47,0,74,1,34,0,78,2,22,0
2023-10-29,218,3,38,0,77,0,35,2,48,1,20,0
2023-10-30,395,1,64,0,118,0,64,0,117,1,31,0
2023-10-31,335,5,62,0,99,1,61,4,87,0,26,0
2023-11-01,332,3,61,1,106,1,51,0,83,1,29,0
2023-11-02,315,2,57,1,114,1,48,0,76,0,20,0
2023-11-03,283,5,55,1,76,2,49,2,90,0,13,0
2023-11-04,201,2,40,1,60,0,23,0,68,1,10,0
2023-11-05,216,1,34,0,67,0,28,0,62,1,25,0
2023-11-06,403,5,72,1,113,2,76,1,105,0,37,1
2023-11-07,382,1,63,0,134,0,62,0,96,1,27,0
2023-11-08,365,4,64,1,113,1,68,1,90,1,30,0
2023-11-09,385,3,61,0,107,1,74,0,112,2,31,0
2023-11-10,336,3,64,0,102,0,64,1,80,2,26,0
2023-11-11,203,2,30,1,56,0,25,1,68,0,24,0
2023-11-12,255,3,38,0,76,0,46,1,65,2,30,0
2023-11-13,440,3,66,0,149,1,76,0,110,2,39,0
2023-11-14,405,4,65,1,118,1,81,0,96,0,45,2
2023-11-15,418,3,63,1,118,0,63,0,135,2,39,0
2023-11-16,428,1,72,0,142,0,83,0,98,1,33,0
2023-11-17,431,1,66,1,145,0,70,0,121,0,29,0
2023-11-18,277,2,50,0,79,0,39,0,74,1,35,1
2023-11-19,302,1,45,0,80,0,43,0,99,0,35,1
2023-11-20,582,1,92,0,190,1,87,0,164,0,49,0
2023-11-21,482,0,68,0,158,0,78,0,137,0,41,0
2023-11-22,463,1,84,0,137,0,87,0,127,1,28,0
2023-11-23,210,5,38,0,70,2,35,1,53,2,14,0
2023-11-24,422,6,73,0,140,1,74,2,103,2,32,1
2023-11-25,323,3,60,1,75,1,51,1,108,0,29,0
2023-11-26,415,4,66,1,102,1,54,2,141,0,52,0
2023-11-27,798,5,141,1,229,2,146,0,217,2,64,0
2023-11-28,637,1,129,0,173,0,110,0,182,1,42,0
2023-11-29,595,2,106,0,166,1,101,0,172,0,50,1
2023-11-30,602,6,114,1,193,2,87,0,161,3,47,0
2023-12-01,533,1,100,0,149,1,93,0,152,0,39,0
2023-12-02,405,7,73,4,112,2,68,0,124,0,28,1
2023-12-03,409,5,72,0,116,2,74,2,108,1,39,0
2023-12-04,789,2,165,0,226,2,126,0,226,0,46,0
2023-12-05,772,4,140,1,218,0,121,2,230,1,63,0
2023-12-06,696,2,129,1,217,0,126,0,181,1,42,0
2023-12-07,729,3,139,0,202,1,130,1,213,1,45,0
2023-12-08,705,4,115,0,215,0,127,1,187,3,61,0
2023-12-09,520,5,81,2,138,1,84,0,178,2,39,0
2023-12-10,528,1,84,0,146,1,105,0,143,0,50,0
2023-12-11,1095,5,189,0,339,1,179,2,318,1,70,1
2023-12-12,1038,6,186,0,333,2,165,2,290,2,63,0
2023-12-13,1036,4,192,0,302,1,166,0,282,3,94,0
2023-12-14,987,1,173,0,296,0,171,0,281,1,64,0
2023-12-15,948,4,174,0,289,2,184,1,229,0,72,1
2023-12-16,743,5,128,2,215,0,108,0,228,3,64,0
2023-12-17,830,7,110,0,294,2,143,3,219,2,64,0
2023-12-18,1533,7,274,0,471,3,273,1,409,2,106,1
2023-12-19,1479,3,262,0,404,0,268,3,449,0,96,0
2023-12-20,1451,8,287,1,411,0,276,1,391,5,86,1
2023-12-21,1367,8,258,3,396,1,238,1,392,3,83,0
2023-12-22,1190,6,247,1,333,2,209,0,321,3,79,0
2023-12-23,917,4,170,1,262,1,150,1,273,0,62,1
2023-12-24,827,4,143,1,260,1,155,2,212,0,57,0
2023-12-25,850,4,172,0,259,1,124,1,253,2,42,0
2023-12-26,1974,5,395,1,559,3,302,0,598,1,119,0
2023-12-27,1926,10,359,1,590,3,302,1,576,4,99,1
2023-12-28,1825,3,346,1,518,0,252,0,561,2,148,0
2023-12-29,1690,4,304,1,473,1,270,1,541,1,101,0
2023-12-30,1252,5,212,0,367,1,189,1,395,3,89,0
2023-12-31,1012,3,187,0,320,1,154,1,281,0,70,1
2024-01-01,1064,13,209,2,313,4,168,3,300,4,74,0
2024-01-02,2185,13,392,4,721,4,316,4,605,1,149,0
2024-01-03,2068,12,401,3,649,4,329,1,567,4,122,0
2024-01-04,2008,15,401,2,586,4,307,1,567,7,147,1
2024-01-05,1709,4,326,0,511,3,273,0,489,1,109,0
2024-01-06,1022,7,184,2,269,2,161,3,340,0,68,0
2024-01-07,1008,13,202,5,301,5,152,1,275,2,78,0
2024-01-08,2014,5,406,3,641,0,278,1,551,1,138,0
2024-01-09,1648,10,284,1,506,4,257,2,483,2,118,1
2024-01-10,1590,12,292,1,483,5,242,2,472,3,101,1
2024-01-11,1538,7,300,0,490,1,225,4,431,2,92,0
2024-01-12,1371,8,312,1,428,1,198,3,347,2,86,1
2024-01-13,871,15,163,4,254,3,118,2,266,5,70,1
2024-01-14,785,7,137,0,250,3,110,0,208,3,80,1
2024-01-15,1168,13,209,1,372,5,159,2,345,5,83,0
2024-01-16,1250,15,260,2,412,2,180,6,307,4,91,1
2024-01-17,1150,14,227,2,358,7,175,1,311,3,79,1
2024-01-18,1080,11,214,2,318,4,180,2,281,3,87,0
2024-01-19,912,9,197,2,292,3,149,1,227,3,47,0
2024-01-20,618,17,104,1,186,6,89,0,200,9,39,1
2024-01-21,631,8,108,1,203,2,85,1,183,0,52,4
2024-01-22,1254,9,244,5,391,0,202,0,317,2,100,2
2024-01-23,1123,14,207,4,337,1,174,3,310,5,95,1
2024-01-24,999,9,215,4,305,1,158,3,243,1,78,0
2024-01-25,948,7,190,1,298,2,147,0,256,3,57,1
2024-01-26,846,6,183,1,248,2,129,2,218,1,68,0
2024-01-27,578,11,113,1,169,1,69,5,187,4,40,0
2024-01-28,513,8,88,1,163,2,67,1,140,4,55,0
2024-01-29,1029,11,195,0,302,4,152,2,301,5,78,0
2024-01-30,882,8,197,0,275,3,129,2,230,2,51,1
2024-01-31,790,6,178,2,234,1,126,0,193,3,58,0
2024-02-01,754,5,135,0,240,4,123,1,199,0,57,0
2024-02-02,569,5,97,0,178,3,100,2,152,0,41,0
2024-02-03,396,10,65,2,129,1,65,1,109,4,27,2
2024-02-04,464,12,74,1,148,8,62,0,134,3,46,0
2024-02-05,780,4,138,0,274,2,126,0,192,2,50,0
2024-02-06,641,6,110,1,201,0,94,0,180,2,56,3
2024-02-07,649,3,139,2,208,0,94,0,167,1,41,0
2024-02-08,594,6,90,0,207,2,106,0,147,4,43,0
2024-02-09,538,6,107,0,175,4,91,1,137,1,28,0
2024-02-10,349,4,65,2,103,0,51,1,92,1,38,0
2024-02-11,368,2,70,0,124,0,38,1,101,1,35,0
2024-02-12,687,8,117,3,191,3,117,0,205,2,57,0
2024-02-13,358,4,52,0,123,2,49,1,103,0,31,1
2024-02-14,478,5,92,0,154,2,65,0,132,3,35,0
2024-02-15,485,1,79,0,159,0,71,0,143,0,33,1
2024-02-16,402,8,74,0,105,4,60,3,130,1,33,0
2024-02-17,255,4,55,2,64,0,30,1,81,1,25,0
2024-02-18,276,4,44,0,90,1,43,2,76,1,23,0
2024-02-19,387,3,57,1,136,0,47,0,116,0,31,2
2024-02-20,408,4,78,0,135,0,55,1,104,2,36,1
2024-02-21,379,1,63,0,123,0,61,1,106,0,26,0
2024-02-22,391,4,69,1,119,2,76,0,100,0,27,1
2024-02-23,297,6,56,0,84,1,38,0,91,5,28,0
2024-02-24,197,4,33,0,62,2,34,0,52,2,16,0
2024-02-25,214,5,36,2,65,2,29,0,60,1,24,0
2024-02-26,421,2,81,2,139,0,50,0,120,0,31,0
2024-02-27,341,3,79,2,101,0,50,1,90,0,21,0
2024-02-28,311,3,60,0,109,1,42,0,74,2,26,0
2024-02-29,284,5,54,1,81,1,40,0,86,2,23,1
2024-03-01,287,5,60,1,91,1,38,1,81,2,17,0
2024-03-02,151,7,24,1,34,3,27,1,52,2,14,0
2024-03-03,162,4,27,0,44,1,20,0,53,3,18,0
2024-03-04,323,3,61,1,100,1,51,0,90,1,21,0
2024-03-05,294,5,50,1,91,2,37,0,98,2,18,0
2024-03-06,226,3,46,1,66,0,33,1,66,1,15,0
2024-03-07,203,1,39,0,56,0,29,1,56,0,22,0
2024-03-08,191,1,30,1,66,0,21,0,60,0,14,0
2024-03-09,122,0,22,0,41,0,15,0,36,0,8,0
2024-03-10,120,6,15,2,41,0,15,1,35,3,14,0
2024-03-11,205,5,47,0,58,2,25,0,56,2,19,1
2024-03-12,208,2,55,0,48,0,38,0,52,2,15,0
2024-03-13,184,5,40,0,44,1,35,0,50,1,15,3
2024-03-14,168,1,31,1,53,0,27,0,46,0,11,0
2024-03-15,152,2,35,0,50,0,23,2,32,0,12,0
2024-03-16,117,1,30,1,35,0,6,0,40,0,6,0
2024-03-17,121,4,13,0,37,1,19,0,39,3,13,0
2024-03-18,228,2,53,1,80,1,31,0,53,0,11,0
2024-03-19,188,1,36,0,53,1,26,0,62,0,11,0
2024-03-20,173,2,34,0,59,0,23,1,43,1,14,0
2024-03-21,189,0,24,0,59,0,23,0,69,0,14,0
2024-03-22,164,4,37,1,57,1,20,1,43,0,7,1
2024-03-23,88,5,11,1,37,2,11,1,23,1,6,0
2024-03-24,88,2,15,1,30,0,11,0,26,1,6,0
2024-03-25,210,2,29,1,65,1,28,0,71,0,17,0
2024-03-26,171,1,35,0,53,0,27,1,48,0,8,0
2024-03-27,145,2,23,0,43,2,16,0,48,0,15,0
2024-03-28,164,0,32,0,56,0,21,0,46,0,9,0
2024-03-29,131,2,20,2,37,0,30,0,41,0,3,0
2024-03-30,94,1,10,0,35,1,17,0,26,0,6,0
2024-03-31,82,0,12,0,31,0,10,0,23,0,6,0
2024-04-01,169,3,23,1,47,2,22,0,62,0,15,0
2024-04-02,140,3,20,0,46,1,22,0,44,2,8,0
2024-04-03,144,1,22,0,46,1,24,0,40,0,12,0
2024-04-04,162,0,26,0,46,0,29,0,48,0,13,0
2024-04-05,141,2,20,0,50,0,19,0,41,0,11,2
2024-04-06,91,5,13,0,27,0,12,0,28,4,11,1
2024-04-07,99,2,18,0,33,1,15,1,28,0,5,0
2024-04-08,150,2,20,0,43,2,25,0,49,0,13,0
2024-04-09,137,6,22,2,43,0,23,0,43,4,6,0
2024-04-10,138,3,22,1,42,0,25,0,40,2,9,0
2024-04-11,149,0,19,0,59,0,27,0,38,0,6,0
2024-04-12,128,2,17,1,44,0,20,1,41,0,6,0
2024-04-13,90,0,15,0,34,0,13,0,26,0,2,0
2024-04-14,71,0,12,0,22,0,9,0,24,0,4,0
2024-04-15,182,1,25,0,65,0,36,0,47,1,9,0
2024-04-16,140,0,31,0,39,0,26,0,36,0,8,0
2024-04-17,149,0,27,0,53,0,20,0,40,0,9,0
2024-04-18,118,0,25,0,32,0,31,0,27,0,3,0
2024-04-19,145,4,17,0,54,2,25,0,39,0,10,2
2024-04-20,93,4,19,3,26,0,16,0,32,1,0,0
2024-04-21,92,1,18,0,26,0,15,0,28,1,5,0
2024-04-22,144,1,26,0,37,0,34,0,38,1,9,0
2024-04-23,110,1,17,0,26,1,16,0,44,0,7,0
2024-04-24,134,1,26,0,44,0,27,0,33,0,4,1
2024-04-25,114,0,16,0,30,0,23,0,43,0,2,0
2024-04-26,135,0,27,0,33,0,21,0,47,0,7,0
2024-04-27,94,0,16,0,36,0,11,0,26,0,5,0
2024-04-28,99,1,15,1,31,0,18,0,24,0,11,0
2024-04-29,186,0,36,0,48,0,35,0,57,0,10,0
2024-04-30,148,0,29,0,35,0,31,0,46,0,7,0
2024-05-01,140,0,38,0,37,0,28,0,26,0,11,0
2024-05-02,133,2,21,0,42,1,16,1,47,0,7,0
2024-05-03,129,0,21,0,41,0,29,0,35,0,3,0
2024-05-04,89,1,9,0,26,0,18,0,35,0,1,1
2024-05-05,75,0,18,0,20,0,9,0,22,0,6,0
2024-05-06,179,1,27,1,61,0,33,0,51,0,7,0
2024-05-07,171,1,36,1,37,0,28,0,62,0,8,0
2024-05-08,168,3,22,0,53,2,50,0,39,1,4,0
2024-05-09,176,0,36,0,42,0,44,0,48,0,6,0
2024-05-10,152,0,38,0,45,0,24,0,37,0,8,0
2024-05-11,109,2,22,0,25,0,24,2,32,0,6,0
2024-05-12,111,4,22,0,23,1,24,0,35,3,7,0
2024-05-13,262,2,44,0,75,1,46,0,76,1,21,0
2024-05-14,231,0,50,0,73,0,32,0,70,0,6,0
2024-05-15,260,0,54,0,72,0,47,0,79,0,8,0
2024-05-16,230,0,37,0,51,0,55,0,63,0,24,0
2024-05-17,216,0,43,0,60,0,49,0,58,0,6,0
2024-05-18,167,1,32,0,38,0,39,0,52,1,6,0
2024-05-19,137,0,20,0,38,0,23,0,46,0,10,0
2024-05-20,297,2,64,0,77,1,66,0,82,1,8,0
2024-05-21,289,0,73,0,68,0,50,0,85,0,13,0
2024-05-22,289,0,66,0,61,0,52,0,89,0,21,0
2024-05-23,225,1,43,0,64,1,44,0,67,0,7,0
2024-05-24,242,0,61,0,65,0,45,0,63,0,8,0
2024-05-25,148,0,28,0,44,0,26,0,42,0,8,0
2024-05-26,184,1,41,0,42,0,41,1,51,0,9,0
2024-05-27,182,2,40,0,46,1,32,0,45,0,19,1
2024-05-28,338,2,69,2,84,0,66,0,103,0,16,0
2024-05-29,315,0,63,0,75,0,61,0,94,0,22,0
2024-05-30,283,1,60,0,69,0,51,0,91,1,11,0
2024-05-31,262,0,45,0,70,0,50,0,82,0,15,0
2024-06-01,172,1,30,0,48,1,37,0,49,0,8,0
2024-06-02,195,3,31,0,58,2,31,0,64,1,11,0
2024-06-03,366,1,71,0,97,0,82,1,106,0,10,0
2024-06-04,386,1,67,0,120,0,83,0,97,1,19,0
2024-06-05,337,0,48,0,84,0,81,0,106,0,18,0
2024-06-06,337,1,66,0,90,0,67,0,101,1,13,0
2024-06-07,283,0,48,0,79,0,54,0,87,0,15,0
2024-06-08,240,0,47,0,54,0,43,0,77,0,19,0
2024-06-09,224,1,44,1,59,0,48,0,60,0,13,0
2024-06-10,446,1,98,0,104,1,116,0,117,0,11,0
2024-06-11,393,1,71,0,113,0,78,0,118,1,13,0
2024-06-12,398,1,83,0,101,1,63,0,136,0,15,0
2024-06-13,364,3,81,0,92,0,77,2,94,1,20,0
2024-06-14,370,6,73,2,116,1,54,1,114,2,13,0
2024-06-15,271,3,62,2,71,0,43,0,90,1,5,0
2024-06-16,305,0,59,0,82,0,59,0,94,0,11,0
2024-06-17,541,0,96,0,149,0,107,0,166,0,23,0
2024-06-18,465,1,82,0,120,0,90,1,155,0,18,0
2024-06-19,411,2,76,1,104,0,91,1,123,0,17,0
2024-06-20,483,2,107,0,131,0,88,0,130,2,27,0
2024-06-21,418,1,79,0,112,1,89,0,120,0,18,0
2024-06-22,287,1,51,0,81,1,51,0,90,0,14,0
2024-06-23,307,3,48,2,97,1,52,0,100,0,10,0
2024-06-24,577,2,99,0,170,0,101,2,171,0,36,0
2024-06-25,493,2,81,1,126,0,100,1,162,0,24,0
2024-06-26,516,0,106,0,157,0,86,0,142,0,25,0
2024-06-27,451,1,83,0,131,0,83,1,138,0,16,0
2024-06-28,420,0,80,0,96,0,86,0,134,0,24,0
2024-06-29,325,0,71,0,72,0,70,0,95,0,17,0
2024-06-30,316,1,46,0,77,0,57,0,114,1,22,0
2024-07-01,632,1,116,0,182,1,121,0,181,0,32,0
2024-07-02,624,2,123,0,180,0,98,1,182,1,41,0
2024-07-03,531,2,81,1,154,0,91,1,179,0,26,0
2024-07-04,345,2,75,1,100,0,53,0,89,1,28,0
2024-07-05,515,0,90,0,154,0,94,0,144,0,33,0
2024-07-06,387,3,65,0,107,1,67,2,127,0,21,0
2024-07-07,390,1,65,0,120,0,55,0,124,1,26,0
2024-07-08,704,1,111,1,200,0,127,0,219,0,47,0
2024-07-09,606,2,105,0,178,0,115,1,180,1,28,0
2024-07-10,615,3,122,2,144,0,108,0,198,1,43,0
2024-07-11,585,2,112,1,171,1,103,0,175,0,24,0
2024-07-12,576,3,97,1,179,2,109,0,171,0,20,0
2024-07-13,384,5,80,1,116,4,62,0,113,0,13,0
2024-07-14,398,6,72,1,109,0,55,4,132,1,30,0
2024-07-15,728,0,111,0,241,0,125,0,211,0,40,0
2024-07-16,723,3,135,0,209,2,106,1,227,0,46,0
2024-07-17,639,1,111,0,186,1,104,0,197,0,40,0
2024-07-18,637,0,124,0,196,0,97,0,178,0,42,0
2024-07-19,591,4,95,1,180,2,83,1,197,0,36,0
2024-07-20,407,2,73,1,117,1,71,0,127,0,19,0
2024-07-21,459,1,68,0,121,0,76,0,165,1,29,0
2024-07-22,838,3,131,2,241,0,134,1,268,0,64,0
2024-07-23,728,4,121,3,230,0,132,0,208,1,37,0
2024-07-24,733,0,111,0,250,0,111,0,213,0,48,0
2024-07-25,691,6,105,2,212,0,120,1,213,3,41,0
2024-07-26,612,5,99,2,189,2,103,0,172,1,49,0
2024-07-27,384,3,79,0,110,0,55,0,119,3,21,0
2024-07-28,449,4,71,0,152,1,68,0,122,2,36,1
2024-07-29,722,2,120,0,233,1,104,1,212,0,53,0
2024-07-30,712,2,109,0,221,0,110,1,223,1,49,0
2024-07-31,697,5,139,2,219,1,98,1,205,1,36,0
2024-08-01,592,2,114,0,186,0,94,0,162,2,36,0
2024-08-02,565,2,109,0,203,0,87,0,138,1,28,1
2024-08-03,359,4,77,0,108,1,52,0,103,2,19,1
2024-08-04,354,4,54,0,99,1,66,2,96,1,39,0
2024-08-05,664,4,128,1,204,1,102,1,187,1,43,0
2024-08-06,532,6,108,4,163,0,75,0,155,2,29,0
2024-08-07,500,4,124,1,144,0,76,0,122,2,34,1
2024-08-08,484,3,85,1,163,1,70,0,139,0,27,1
2024-08-09,415,2,83,0,126,2,60,0,118,0,28,0
2024-08-10,330,2,62,0,98,0,48,0,85,2,37,0
2024-08-11,368,4,60,1,104,1,62,1,105,1,37,0
2024-08-12,592,1,110,0,169,0,98,0,162,1,53,0
2024-08-13,535,1,102,0,155,0,103,1,141,0,34,0
2024-08-14,510,0,98,0,149,0,92,0,140,0,31,0
2024-08-15,513,4,102,1,162,1,81,1,132,1,36,0
2024-08-16,454,0,84,0,127,0,80,0,128,0,35,0
2024-08-17,315,4,58,1,87,1,47,1,93,1,30,0
2024-08-18,260,3,49,0,69,1,40,0,80,0,22,2
2024-08-19,523,2,109,1,134,0,94,1,151,0,35,0
2024-08-20,527,5,106,2,170,1,66,0,149,2,36,0
2024-08-21,470,1,99,0,155,0,66,0,112,0,38,1
2024-08-22,442,4,59,3,145,0,70,0,125,1,43,0
2024-08-23,414,3,77,1,139,0,68,0,109,0,21,2
2024-08-24,273,1,56,0,79,0,31,0,78,0,29,1
2024-08-25,262,1,48,0,78,0,39,1,71,0,26,0
2024-08-26,507,2,88,0,160,0,82,0,132,1,45,1
2024-08-27,379,2,70,1,118,0,59,0,102,0,30,1
2024-08-28,392,2,72,1,125,1,65,0,104,0,26,0
2024-08-29,425,1,75,0,128,0,70,0,117,1,35,0
2024-08-30,327,1,59,1,99,0,57,0,86,0,26,0
2024-08-31,250,2,57,0,68,1,35,0,65,0,25,1
2024-09-01,214,3,29,0,77,0,38,0,53,3,17,0
2024-09-02,220,1,32,0,70,0,36,1,57,0,25,0
2024-09-03,416,2,81,0,125,1,62,0,113,1,35,0
2024-09-04,400,2,72,0,116,1,68,0,121,0,23,1
2024-09-05,382,5,62,3,128,0,53,0,114,1,25,1
2024-09-06,308,5,56,0,87,0,47,0,92,4,26,1
2024-09-07,230,4,35,0,59,1,45,1,73,2,18,0
2024-09-08,201,2,38,1,64,0,37,0,48,1,14,0
2024-09-09,398,3,81,0,109,2,76,0,95,0,37,1
2024-09-10,369,3,61,0,106,2,51,0,125,0,26,1
2024-09-11,368,2,81,0,108,1,68,0,83,1,28,0
2024-09-12,386,1,80,0,110,1,53,0,110,0,33,0
2024-09-13,336,2,57,1,127,0,42,1,96,0,14,0
2024-09-14,229,1,44,0,64,0,33,1,71,0,17,0
2024-09-15,219,1,31,0,80,1,26,0,61,0,21,0
2024-09-16,420,1,71,0,134,0,58,0,116,1,41,0
2024-09-17,391,1,69,0,109,1,69,0,105,0,38,0
2024-09-18,331,5,51,0,99,3,68,1,91,1,22,0
2024-09-19,327,2,77,0,107,1,43,0,73,1,27,0
2024-09-20,311,3,66,0,92,2,43,0,78,1,32,0
2024-09-21,178,2,30,1,51,0,26,0,50,0,21,1
2024-09-22,204,2,25,0,87,0,23,0,43,2,25,0
2024-09-23,333,1,52,0,108,0,52,0,88,1,32,0
2024-09-24,283,2,47,0,105,0,39,0,63,2,29,0
2024-09-25,321,0,47,0,108,0,50,0,83,0,33,0
2024-09-26,256,1,33,0,86,0,29,1,77,0,31,0
2024-09-27,203,0,39,0,60,0,29,0,54,0,21,0
2024-09-28,130,0,18,0,33,0,16,0,43,0,20,0
2024-09-29,154,1,22,0,64,0,15,0,34,1,19,0
2024-09-30,244,2,32,0,94,0,37,0,49,1,31,1
2024-10-01,215,1,27,1,68,0,36,0,62,0,22,0
2024-10-02,165,0,25,0,59,0,24,0,34,0,23,0
2024-10-03,156,2,22,0,52,1,25,0,42,1,15,0
2024-10-04,122,2,21,0,33,1,23,0,33,0,12,1
2024-10-05,96,1,16,0,39,1,16,0,21,0,4,0
2024-10-06,126,1,11,0,61,0,15,0,28,1,11,0
2024-10-07,197,1,22,0,80,0,22,1,51,0,22,0
2024-10-08,181,1,22,0,89,0,28,0,26,1,16,0
2024-10-09,155,3,20,0,69,2,27,0,27,0,12,1
2024-10-10,139,1,14,0,59,0,18,0,37,1,11,0
2024-10-11,103,1,16,0,40,0,14,1,24,0,9,0
2024-10-12,56,1,6,0,18,0,8,0,13,1,11,0
2024-10-13,96,1,6,0,46,0,13,0,25,1,6,0
2024-10-14,137,0,13,0,61,0,15,0,38,0,10,0
2024-10-15,138,0,19,0,57,0,24,0,27,0,11,0
2024-10-16,118,2,16,0,44,2,23,0,28,0,7,0
2024-10-17,89,2,13,1,22,1,20,0,25,0,9,0
2024-10-18,87,1,12,0,27,0,13,0,25,0,10,1
2024-10-19,79,2,8,0,31,0,11,0,24,1,5,1
2024-10-20,97,4,6,0,43,2,14,1,24,1,10,0
2024-10-21,140,2,12,0,53,1,27,1,36,0,12,0
2024-10-22,114,1,12,0,46,1,16,0,22,0,18,0
2024-10-23,144,1,19,0,48,0,27,0,39,0,11,1
2024-10-24,113,0,13,0,40,0,20,0,33,0,7,0
2024-10-25,101,0,12,0,31,0,15,0,33,0,10,0
2024-10-26,62,1,8,0,20,0,12,1,8,0,14,0
2024-10-27,90,1,9,0,33,1,13,0,20,0,15,0
2024-10-28,136,1,20,0,48,0,12,1,39,0,17,0
2024-10-29,110,0,14,0,41,0,17,0,29,0,9,0
2024-10-30,114,3,21,1,30,1,21,0,24,0,18,1
2024-10-31,120,1,20,1,43,0,21,0,27,0,9,0
2024-11-01,107,0,13,0,32,0,20,0,28,0,14,0
2024-11-02,67,1,9,0,16,1,14,0,20,0,8,0
2024-11-03,69,0,10,0,28,0,12,0,12,0,7,0
2024-11-04,122,1,10,0,49,0,16,0,30,0,16,1
2024-11-05,89,3,15,1,34,1,15,1,19,0,6,0
2024-11-06,88,0,13,0,35,0,12,0,18,0,10,0
2024-11-07,113,0,14,0,51,0,16,0,24,0,8,0
2024-11-08,86,1,11,0,31,1,19,0,17,0,8,0
2024-11-09,56,0,8,0,15,0,10,0,16,0,7,0
2024-11-10,62,0,10,0,27,0,6,0,16,0,3,0
2024-11-11,113,2,18,0,52,1,11,0,24,0,8,1
2024-11-12,120,1,10,0,50,0,11,0,36,0,13,1
2024-11-13,101,1,10,0,45,0,19,1,19,0,8,0
2024-11-14,86,1,11,0,33,1,11,0,23,0,8,0
2024-11-15,91,0,13,0,35,0,17,0,19,0,7,0
2024-11-16,50,1,5,0,12,0,11,0,19,1,3,0
2024-11-17,81,0,11,0,30,0,11,0,13,0,16,0
2024-11-18,111,0,8,0,48,0,19,0,27,0,9,0
2024-11-19,117,3,19,0,51,0,13,1,24,2,10,0
2024-11-20,89,1,12,0,35,1,12,0,29,0,1,0
2024-11-21,109,1,15,0,47,0,13,0,29,1,5,0
2024-11-22,79,0,8,0,39,0,6,0,19,0,7,0
2024-11-23,74,0,15,0,24,0,6,0,21,0,8,0
2024-11-24,84,0,8,0,43,0,11,0,18,0,4,0
2024-11-25,116,1,13,0,49,0,17,0,30,1,7,0
2024-11-26,107,0,14,0,41,0,13,0,27,0,12,0
2024-11-27,107,0,13,0,44,0,18,0,24,0,8,0
2024-11-28,59,0,9,0,20,0,4,0,22,0,4,0
2024-11-29,82,1,10,0,28,0,11,0,19,1,14,0
2024-11-30,80,0,16,0,24,0,9,0,25,0,6,0
2024-12-01,83,1,8,0,36,0,14,0,16,1,9,0
2024-12-02,149,0,28,0,46,0,27,0,36,0,12,0
2024-12-03,139,0,28,0,50,0,18,0,33,0,10,0
2024-12-04,140,1,25,0,46,0,18,0,39,1,12,0
2024-12-05,140,1,21,0,48,0,19,0,44,1,8,0
2024-12-06,129,0,20,0,36,0,17,0,43,0,13,0
2024-12-07,78,1,15,0,26,0,6,0,24,1,7,0
2024-12-08,104,1,9,0,36,0,13,1,33,0,13,0
2024-12-09,150,0,35,0,42,0,18,0,45,0,10,0
2024-12-10,196,1,31,0,55,0,31,0,60,0,19,1
2024-12-11,167,0,36,0,49,0,22,0,48,0,12,0
2024-12-12,159,2,35,0,49,0,18,0,49,2,8,0
2024-12-13,138,2,20,2,57,0,15,0,32,0,14,0
2024-12-14,95,2,12,0,29,0,19,1,26,1,9,0
2024-12-15,98,0,8,0,39,0,14,0,25,0,12,0
2024-12-16,203,2,42,0,56,1,29,0,60,1,16,0
2024-12-17,239,1,47,0,73,0,33,0,64,1,22,0
2024-12-18,193,2,31,0,50,1,34,1,57,0,21,0
2024-12-19,172,0,26,0,60,0,24,0,42,0,20,0
2024-12-20,170,0,35,0,51,0,24,0,44,0,16,0
2024-12-21,107,2,22,0,36,2,16,0,23,0,10,0
2024-12-22,99,2,16,0,26,1,15,0,29,1,13,0
2024-12-23,196,0,27,0,64,0,34,0,51,0,20,0
2024-12-24,140,0,22,0,52,0,20,0,34,0,12,0
2024-12-25,99,0,14,0,40,0,17,0,23,0,5,0
2024-12-26,219,1,42,0,64,1,17,0,67,0,29,0
2024-12-27,243,2,49,0,64,0,34,0,61,2,35,0
2024-12-28,159,1,27,0,50,0,20,1,48,0,14,0
2024-12-29,185,1,32,1,69,0,30,0,38,0,16,0
2024-12-30,306,1,56,0,84,0,41,0,84,1,41,0
2024-12-31,210,3,31,0,51,2,32,0,70,1,26,0
2025-01-01,148,4,23,1,41,0,21,1,43,1,20,1
2025-01-02,291,3,50,0,89,0,33,1,90,1,29,1
2025-01-03,238,2,50,1,76,0,29,0,61,1,22,0
2025-01-04,173,1,30,0,44,1,27,0,57,0,15,0
2025-01-05,200,2,36,0,54,2,19,0,65,0,26,0
2025-01-06,285,1,56,0,75,0,39,0,93,0,22,1
2025-01-07,274,0,61,0,76,0,42,0,70,0,25,0
2025-01-08,245,2,50,1,80,0,34,0,69,1,12,0
2025-01-09,240,3,44,0,73,1,29,1,71,1,23,0
2025-01-10,209,4,46,0,57,1,39,1,53,2,14,0
2025-01-11,191,2,29,0,67,1,32,1,50,0,13,0
2025-01-12,154,0,25,0,50,0,17,0,44,0,18,0
2025-01-13,369,2,83,1,116,0,45,1,101,0,24,0
2025-01-14,330,3,73,2,100,0,43,0,86,1,28,0
2025-01-15,283,2,73,1,83,0,39,0,69,1,19,0
2025-01-16,267,6,63,3,79,0,38,1,63,1,24,1
2025-01-17,265,4,75,0,82,2,25,1,64,1,19,0
2025-01-18,189,2,37,0,52,0,32,1,51,1,17,0
2025-01-19,204,2,40,1,52,0,33,1,58,0,21,0
2025-01-20,237,2,45,0,57,2,35,0,74,0,26,0
2025-01-21,325,0,85,0,91,0,52,0,79,0,18,0
2025-01-22,312,4,75,2,74,0,53,2,84,0,26,0
2025-01-23,317,2,69,0,106,1,32,1,87,0,23,0
2025-01-24,287,0,55,0,85,0,45,0,85,0,17,0
2025-01-25,198,1,38,0,64,0,29,0,50,1,17,0
2025-01-26,189,2,39,0,55,1,21,0,59,1,15,0
2025-01-27,378,4,71,1,104,0,60,0,112,3,31,0
2025-01-28,321,3,87,0,93,1,39,0,72,2,30,0
2025-01-29,341,0,72,0,103,0,42,0,88,0,36,0
2025-01-30,336,2,68,0,112,0,50,1,78,1,28,0
2025-01-31,314,0,69,0,97,0,48,0,79,0,21,0
2025-02-01,206,3,42,0,60,1,20,1,66,0,18,1
2025-02-02,185,2,27,0,63,1,22,0,47,1,26,0
2025-02-03,410,3,71,2,137,1,51,0,105,0,46,0
2025-02-04,386,1,86,1,112,0,56,0,98,0,34,0
2025-02-05,392,8,96,0,105,3,62,1,93,4,36,0
2025-02-06,302,1,62,0,84,0,43,0,96,1,17,0
2025-02-07,309,3,64,2,87,0,39,0,77,1,42,0
2025-02-08,228,1,36,0,66,1,31,0,78,0,17,0
2025-02-09,181,2,21,0,50,0,35,0,50,1,25,1
2025-02-10,421,0,105,0,117,0,60,0,104,0,35,0
2025-02-11,370,2,73,0,92,0,48,0,111,1,46,1
2025-02-12,351,3,85,0,97,2,54,0,89,1,26,0
2025-02-13,328,2,69,0,94,0,51,2,89,0,25,0
2025-02-14,265,3,72,1,57,0,36,0,72,1,28,1
2025-02-15,163,4,29,1,37,2,31,1,57,0,9,0
2025-02-16,185,2,28,0,51,1,27,0,51,1,28,0
2025-02-17,244,1,41,0,62,0,34,0,77,0,30,1
2025-02-18,321,1,72,0,89,0,55,1,84,0,21,0
2025-02-19,321,3,72,0,91,2,50,0,76,1,32,0
2025-02-20,344,4,73,1,99,0,47,2,97,0,28,1
2025-02-21,270,5,63,0,67,2,48,0,69,3,22,0
2025-02-22,200,2,42,1,66,0,22,0,48,1,22,0
2025-02-23,204,1,38,0,70,0,22,0,53,1,21,0
2025-02-24,367,3,84,1,90,0,56,0,106,1,31,1
2025-02-25,347,2,67,1,98,0,54,1,96,0,32,0
2025-02-26,313,1,75,1,83,0,59,0,72,0,24,0
2025-02-27,323,5,75,0,95,1,36,1,85,3,32,0
2025-02-28,326,4,67,0,99,0,51,0,87,3,22,1
2025-03-01,205,3,37,1,56,0,34,1,63,1,15,0
2025-03-02,170,3,37,0,53,3,19,0,45,0,16,0
2025-03-03,355,2,96,0,94,1,52,0,91,1,22,0
2025-03-04,381,1,93,0,118,0,47,0,98,0,25,1
2025-03-05,341,1,75,0,98,0,51,0,101,1,16,0
2025-03-06,340,3,74,0,93,2,47,0,99,1,27,0
2025-03-07,322,2,72,0,102,1,51,0,80,1,17,0
2025-03-08,193,0,33,0,56,0,41,0,48,0,15,0
2025-03-09,208,0,39,0,69,0,28,0,61,0,11,0
2025-03-10,462,1,124,0,143,1,66,0,105,0,24,0
2025-03-11,433,2,104,0,139,0,60,1,106,1,24,0
2025-03-12,417,1,97,0,125,0,74,0,105,1,16,0
2025-03-13,396,0,102,0,120,0,52,0,92,0,30,0
2025-03-14,340,3,70,0,85,1,62,0,109,2,14,0
2025-03-15,240,4,60,0,64,1,39,0,68,3,9,0
2025-03-16,266,2,52,1,71,0,42,0,81,1,20,0
2025-03-17,509,3,137,2,152,0,71,0,127,1,22,0
2025-03-18,407,2,116,0,130,1,56,0,90,1,15,0
2025-03-19,441,4,120,1,132,1,55,2,116,0,18,0
2025-03-20,416,2,97,1,130,0,55,0,117,1,16,0
2025-03-21,314,0,83,0,84,0,49,0,81,0,17,0
2025-03-22,227,0,49,0,60,0,44,0,67,0,7,0
2025-03-23,225,2,46,0,64,0,24,0,71,2,20,0
2025-03-24,430,1,93,0,133,0,72,1,109,0,23,0
2025-03-25,435,3,104,0,111,2,73,1,119,0,28,0
2025-03-26,464,2,109,0,128,1,60,0,142,1,25,0
2025-03-27,361,1,86,0,107,0,45,1,102,0,21,0
2025-03-28,330,1,79,0,92,1,67,0,80,0,12,0
2025-03-29,221,1,58,0,55,1,29,0,65,0,14,0
2025-03-30,231,2,37,0,78,0,34,1,68,0,14,1
2025-03-31,417,3,115,1,118,2,56,0,105,0,23,0
2025-04-01,416,1,100,0,106,1,59,0,116,0,35,0
2025-04-02,378,2,93,0,114,0,50,1,102,1,19,0
2025-04-03,387,3,95,0,115,0,60,1,99,2,18,0
2025-04-04,297,2,64,1,81,1,54,0,78,0,20,0
2025-04-05,189,2,40,0,50,1,35,1,54,0,10,0
2025-04-06,223,3,41,0,71,2,35,0,64,1,12,0
2025-04-07,370,0,105,0,88,0,41,0,119,0,17,0
2025-04-08,373,3,82,1,105,0,62,1,107,0,17,1
2025-04-09,328,3,71,2,99,0,53,0,82,0,22,1
2025-04-10,291,0,63,0,85,0,44,0,86,0,13,0
2025-04-11,251,0,45,0,75,0,42,0,76,0,13,0
2025-04-12,179,1,45,0,59,0,25,0,40,0,10,1
2025-04-13,157,2,32,1,45,0,25,0,44,1,11,0
2025-04-14,310,2,67,1,81,0,53,1,91,0,18,0
2025-04-15,296,1,66,0,81,0,62,1,71,0,16,0
2025-04-16,280,1,66,0,70,0,43,0,82,1,19,0
2025-04-17,277,4,56,0,76,0,50,3,87,0,8,1
2025-04-18,223,2,51,0,61,2,31,0,71,0,9,0
2025-04-19,181,4,27,1,43,1,37,1,57,1,17,0
2025-04-20,127,1,26,0,40,1,21,0,29,0,11,0
2025-04-21,312,2,62,0,93,1,41,0,100,1,16,0
2025-04-22,254,0,56,0,81,0,34,0,68,0,15,0
2025-04-23,248,2,56,0,76,0,47,0,62,0,7,2
2025-04-24,237,1,47,1,66,0,39,0,72,0,13,0
2025-04-25,192,2,35,1,61,1,26,0,62,0,8,0
2025-04-26,125,2,15,1,38,0,24,1,39,0,9,0
2025-04-27,114,0,18,0,35,0,17,0,38,0,6,0
2025-04-28,199,1,43,0,55,0,40,1,46,0,15,0
2025-04-29,192,4,36,0,59,2,33,0,58,1,6,1
2025-04-30,193,0,40,0,48,0,33,0,62,0,10,0
2025-05-01,142,2,25,0,31,0,22,2,51,0,13,0
2025-05-02,172,1,39,0,34,0,25,1,62,0,12,0
2025-05-03,101,1,18,0,22,1,14,0,35,0,12,0
2025-05-04,109,1,18,0,23,1,21,0,41,0,6,0
2025-05-05,132,1,26,0,33,0,23,0,44,1,6,0
